FileName,action,action_class
Img_1005.jpg,riding_a_horse,Interacting_with_animal
Img_1012.jpg,shooting_an_arrow,other_activity
Img_1014.jpg,cutting_vegetables,playing_musical_instrument
Img_1015.jpg,shooting_an_arrow,other_activity
Img_102.jpg,texting_message,using_comm_device
Img_1024.jpg,riding_a_bike,other_activity
Img_1028.jpg,gardening,domestic_work
Img_1029.jpg,riding_a_horse,Interacting_with_animal
Img_1038.jpg,riding_a_bike,other_activity
Img_104.jpg,playing_violin,using_comm_device
Img_1055.jpg,rowing_a_boat,other_activity
Img_1061.jpg,cooking,using_comm_device
Img_1065.jpg,climbing,other_activity
Img_1072.jpg,rowing_a_boat,other_activity
Img_1077.jpg,gardening,domestic_work
Img_1080.jpg,playing_violin,domestic_work
Img_1081.jpg,jumping,other_activity
Img_1088.jpg,cleaning_the_floor,domestic_work
Img_1089.jpg,jumping,other_activity
Img_109.jpg,rowing_a_boat,other_activity
Img_1093.jpg,cooking,domestic_work
Img_1096.jpg,jumping,other_activity
Img_11.jpg,cooking,other_activity
Img_1101.jpg,taking_photos,using_comm_device
Img_1102.jpg,rowing_a_boat,other_activity
Img_1104.jpg,using_a_computer,using_comm_device
Img_1106.jpg,taking_photos,using_comm_device
Img_1110.jpg,shooting_an_arrow,other_activity
Img_1121.jpg,climbing,other_activity
Img_1122.jpg,cutting_vegetables,domestic_work
Img_1123.jpg,climbing,other_activity
Img_1124.jpg,phoning,using_comm_device
Img_1130.jpg,playing_guitar,domestic_work
Img_1133.jpg,gardening,domestic_work
Img_1135.jpg,playing_guitar,domestic_work
Img_1138.jpg,climbing,other_activity
Img_1141.jpg,playing_guitar,playing_musical_instrument
Img_1145.jpg,taking_photos,using_comm_device
Img_1149.jpg,watching_TV,domestic_work
Img_1153.jpg,cutting_vegetables,domestic_work
Img_1155.jpg,playing_violin,playing_musical_instrument
Img_1158.jpg,using_a_computer,using_comm_device
Img_1167.jpg,walking_the_dog,Interacting_with_animal
Img_117.jpg,playing_violin,playing_musical_instrument
Img_1171.jpg,texting_message,using_comm_device
Img_1176.jpg,shooting_an_arrow,other_activity
Img_1184.jpg,riding_a_bike,other_activity
Img_119.jpg,using_a_computer,domestic_work
Img_1190.jpg,feeding_a_horse,Interacting_with_animal
Img_1192.jpg,watching_TV,domestic_work
Img_1195.jpg,cooking,domestic_work
Img_1196.jpg,cutting_vegetables,using_comm_device
Img_1200.jpg,phoning,using_comm_device
Img_1201.jpg,playing_guitar,playing_musical_instrument
Img_1204.jpg,gardening,domestic_work
Img_1209.jpg,feeding_a_horse,Interacting_with_animal
Img_1210.jpg,riding_a_horse,Interacting_with_animal
Img_1212.jpg,rowing_a_boat,other_activity
Img_1214.jpg,riding_a_bike,Interacting_with_animal
Img_1217.jpg,cleaning_the_floor,domestic_work
Img_1219.jpg,rowing_a_boat,other_activity
Img_1224.jpg,feeding_a_horse,Interacting_with_animal
Img_1226.jpg,texting_message,domestic_work
Img_1228.jpg,jumping,domestic_work
Img_1229.jpg,riding_a_horse,Interacting_with_animal
Img_1230.jpg,watching_TV,using_comm_device
Img_1231.jpg,watching_TV,using_comm_device
Img_1232.jpg,jumping,other_activity
Img_1234.jpg,gardening,domestic_work
Img_1235.jpg,shooting_an_arrow,other_activity
Img_1237.jpg,playing_violin,playing_musical_instrument
Img_1239.jpg,phoning,domestic_work
Img_124.jpg,running,Interacting_with_animal
Img_1243.jpg,playing_violin,playing_musical_instrument
Img_1252.jpg,playing_violin,using_comm_device
Img_1261.jpg,playing_guitar,playing_musical_instrument
Img_1265.jpg,cooking,using_comm_device
Img_1268.jpg,taking_photos,using_comm_device
Img_1277.jpg,playing_guitar,playing_musical_instrument
Img_1278.jpg,cooking,domestic_work
Img_1283.jpg,shooting_an_arrow,other_activity
Img_1288.jpg,playing_guitar,playing_musical_instrument
Img_1295.jpg,walking_the_dog,Interacting_with_animal
Img_1301.jpg,jumping,other_activity
Img_1310.jpg,walking_the_dog,other_activity
Img_1313.jpg,feeding_a_horse,domestic_work
Img_1314.jpg,phoning,using_comm_device
Img_1320.jpg,feeding_a_horse,playing_musical_instrument
Img_1323.jpg,cooking,using_comm_device
Img_1330.jpg,jumping,other_activity
Img_1345.jpg,running,other_activity
Img_1348.jpg,rowing_a_boat,other_activity
Img_135.jpg,riding_a_bike,domestic_work
Img_1351.jpg,climbing,other_activity
Img_1354.jpg,riding_a_horse,Interacting_with_animal
Img_1355.jpg,gardening,domestic_work
Img_1359.jpg,jumping,other_activity
Img_136.jpg,cooking,domestic_work
Img_1362.jpg,walking_the_dog,Interacting_with_animal
Img_1364.jpg,running,other_activity
Img_1365.jpg,jumping,other_activity
Img_1369.jpg,cleaning_the_floor,domestic_work
Img_137.jpg,walking_the_dog,other_activity
Img_1375.jpg,walking_the_dog,Interacting_with_animal
Img_1386.jpg,taking_photos,using_comm_device
Img_1392.jpg,jumping,other_activity
Img_1396.jpg,watching_TV,using_comm_device
Img_1399.jpg,cooking,domestic_work
Img_14.jpg,phoning,using_comm_device
Img_1401.jpg,playing_guitar,playing_musical_instrument
Img_1404.jpg,playing_violin,using_comm_device
Img_1411.jpg,running,other_activity
Img_1417.jpg,running,other_activity
Img_1421.jpg,gardening,domestic_work
Img_1427.jpg,rowing_a_boat,other_activity
Img_143.jpg,gardening,domestic_work
Img_1437.jpg,using_a_computer,using_comm_device
Img_1439.jpg,walking_the_dog,Interacting_with_animal
Img_144.jpg,playing_guitar,playing_musical_instrument
Img_1440.jpg,cleaning_the_floor,domestic_work
Img_145.jpg,jumping,other_activity
Img_1454.jpg,riding_a_bike,other_activity
Img_1457.jpg,cutting_vegetables,domestic_work
Img_1465.jpg,using_a_computer,using_comm_device
Img_1466.jpg,watching_TV,using_comm_device
Img_1475.jpg,jumping,Interacting_with_animal
Img_1476.jpg,shooting_an_arrow,Interacting_with_animal
Img_148.jpg,playing_guitar,domestic_work
Img_1484.jpg,using_a_computer,using_comm_device
Img_1487.jpg,rowing_a_boat,other_activity
Img_1489.jpg,feeding_a_horse,Interacting_with_animal
Img_1492.jpg,shooting_an_arrow,other_activity
Img_1493.jpg,climbing,other_activity
Img_1498.jpg,jumping,other_activity
Img_15.jpg,playing_guitar,using_comm_device
Img_1503.jpg,walking_the_dog,Interacting_with_animal
Img_1509.jpg,playing_guitar,playing_musical_instrument
Img_1510.jpg,jumping,other_activity
Img_1518.jpg,texting_message,using_comm_device
Img_1524.jpg,washing_dishes,using_comm_device
Img_1527.jpg,phoning,using_comm_device
Img_1529.jpg,climbing,other_activity
Img_1549.jpg,texting_message,using_comm_device
Img_156.jpg,phoning,using_comm_device
Img_1565.jpg,cooking,domestic_work
Img_157.jpg,gardening,domestic_work
Img_1573.jpg,feeding_a_horse,Interacting_with_animal
Img_1578.jpg,shooting_an_arrow,other_activity
Img_158.jpg,cooking,domestic_work
Img_1581.jpg,watching_TV,domestic_work
Img_1595.jpg,climbing,other_activity
Img_1597.jpg,gardening,domestic_work
Img_1599.jpg,playing_violin,domestic_work
Img_160.jpg,climbing,other_activity
Img_1600.jpg,cooking,domestic_work
Img_1606.jpg,cooking,playing_musical_instrument
Img_1609.jpg,phoning,using_comm_device
Img_161.jpg,taking_photos,using_comm_device
Img_1613.jpg,playing_guitar,using_comm_device
Img_1618.jpg,rowing_a_boat,other_activity
Img_1619.jpg,running,other_activity
Img_1630.jpg,cutting_vegetables,domestic_work
Img_1645.jpg,phoning,using_comm_device
Img_1646.jpg,climbing,other_activity
Img_165.jpg,cleaning_the_floor,domestic_work
Img_1656.jpg,playing_guitar,playing_musical_instrument
Img_1664.jpg,cleaning_the_floor,domestic_work
Img_1668.jpg,running,other_activity
Img_1672.jpg,texting_message,using_comm_device
Img_1673.jpg,walking_the_dog,Interacting_with_animal
Img_1675.jpg,playing_violin,domestic_work
Img_1679.jpg,shooting_an_arrow,other_activity
Img_1696.jpg,using_a_computer,using_comm_device
Img_1697.jpg,watching_TV,using_comm_device
Img_17.jpg,jumping,other_activity
Img_1708.jpg,cutting_vegetables,domestic_work
Img_1710.jpg,jumping,other_activity
Img_1720.jpg,taking_photos,using_comm_device
Img_1721.jpg,watching_TV,using_comm_device
Img_1730.jpg,shooting_an_arrow,other_activity
Img_1731.jpg,running,other_activity
Img_1738.jpg,texting_message,domestic_work
Img_1744.jpg,taking_photos,using_comm_device
Img_1745.jpg,cooking,domestic_work
Img_1749.jpg,shooting_an_arrow,playing_musical_instrument
Img_1750.jpg,playing_guitar,playing_musical_instrument
Img_1756.jpg,phoning,domestic_work
Img_1764.jpg,playing_guitar,playing_musical_instrument
Img_1767.jpg,watching_TV,using_comm_device
Img_1769.jpg,rowing_a_boat,other_activity
Img_1774.jpg,jumping,other_activity
Img_1775.jpg,running,other_activity
Img_178.jpg,shooting_an_arrow,Interacting_with_animal
Img_1787.jpg,phoning,playing_musical_instrument
Img_179.jpg,riding_a_horse,Interacting_with_animal
Img_1790.jpg,playing_violin,playing_musical_instrument
Img_1794.jpg,cooking,domestic_work
Img_1795.jpg,phoning,using_comm_device
Img_1798.jpg,running,Interacting_with_animal
Img_1805.jpg,phoning,domestic_work
Img_1806.jpg,jumping,other_activity
Img_181.jpg,playing_violin,playing_musical_instrument
Img_1810.jpg,using_a_computer,using_comm_device
Img_1817.jpg,cutting_vegetables,domestic_work
Img_1822.jpg,jumping,other_activity
Img_1824.jpg,shooting_an_arrow,other_activity
Img_1826.jpg,playing_violin,playing_musical_instrument
Img_1827.jpg,playing_violin,playing_musical_instrument
Img_183.jpg,shooting_an_arrow,Interacting_with_animal
Img_1832.jpg,phoning,domestic_work
Img_184.jpg,cutting_vegetables,domestic_work
Img_1840.jpg,climbing,other_activity
Img_1849.jpg,cleaning_the_floor,domestic_work
Img_185.jpg,rowing_a_boat,Interacting_with_animal
Img_1851.jpg,feeding_a_horse,Interacting_with_animal
Img_1853.jpg,using_a_computer,using_comm_device
Img_1855.jpg,playing_guitar,using_comm_device
Img_186.jpg,washing_dishes,domestic_work
Img_1862.jpg,riding_a_bike,other_activity
Img_1863.jpg,taking_photos,using_comm_device
Img_1868.jpg,gardening,domestic_work
Img_1874.jpg,feeding_a_horse,using_comm_device
Img_1889.jpg,climbing,domestic_work
Img_189.jpg,playing_violin,playing_musical_instrument
Img_1890.jpg,walking_the_dog,Interacting_with_animal
Img_1891.jpg,watching_TV,using_comm_device
Img_1896.jpg,cooking,domestic_work
Img_1898.jpg,texting_message,domestic_work
Img_1901.jpg,using_a_computer,domestic_work
Img_1903.jpg,gardening,domestic_work
Img_1905.jpg,cooking,domestic_work
Img_1907.jpg,riding_a_bike,other_activity
Img_1908.jpg,shooting_an_arrow,Interacting_with_animal
Img_1909.jpg,taking_photos,using_comm_device
Img_191.jpg,watching_TV,using_comm_device
Img_1916.jpg,cooking,domestic_work
Img_1926.jpg,walking_the_dog,Interacting_with_animal
Img_1927.jpg,jumping,other_activity
Img_1941.jpg,cleaning_the_floor,domestic_work
Img_1944.jpg,feeding_a_horse,domestic_work
Img_1946.jpg,rowing_a_boat,other_activity
Img_1957.jpg,walking_the_dog,Interacting_with_animal
Img_1958.jpg,feeding_a_horse,Interacting_with_animal
Img_1966.jpg,playing_violin,playing_musical_instrument
Img_197.jpg,playing_guitar,playing_musical_instrument
Img_1970.jpg,phoning,using_comm_device
Img_1975.jpg,texting_message,other_activity
Img_1984.jpg,using_a_computer,using_comm_device
Img_1987.jpg,cooking,domestic_work
Img_1988.jpg,gardening,domestic_work
Img_1989.jpg,texting_message,domestic_work
Img_1990.jpg,gardening,other_activity
Img_1991.jpg,riding_a_bike,other_activity
Img_1994.jpg,climbing,other_activity
Img_1998.jpg,playing_guitar,other_activity
Img_1999.jpg,phoning,playing_musical_instrument
Img_2002.jpg,cooking,domestic_work
Img_2003.jpg,using_a_computer,other_activity
Img_2004.jpg,cooking,domestic_work
Img_2019.jpg,jumping,other_activity
Img_2023.jpg,rowing_a_boat,other_activity
Img_2029.jpg,taking_photos,using_comm_device
Img_2030.jpg,riding_a_horse,Interacting_with_animal
Img_2035.jpg,using_a_computer,using_comm_device
Img_204.jpg,playing_violin,playing_musical_instrument
Img_2042.jpg,jumping,other_activity
Img_2048.jpg,rowing_a_boat,other_activity
Img_205.jpg,gardening,domestic_work
Img_2053.jpg,playing_guitar,playing_musical_instrument
Img_2061.jpg,shooting_an_arrow,Interacting_with_animal
Img_2067.jpg,texting_message,using_comm_device
Img_2072.jpg,cooking,domestic_work
Img_2084.jpg,using_a_computer,using_comm_device
Img_2085.jpg,jumping,domestic_work
Img_2088.jpg,gardening,domestic_work
Img_2089.jpg,phoning,using_comm_device
Img_209.jpg,jumping,other_activity
Img_2091.jpg,playing_guitar,domestic_work
Img_2097.jpg,riding_a_bike,other_activity
Img_2111.jpg,jumping,other_activity
Img_2112.jpg,playing_violin,playing_musical_instrument
Img_2113.jpg,washing_dishes,using_comm_device
Img_2123.jpg,playing_violin,playing_musical_instrument
Img_2128.jpg,running,other_activity
Img_2131.jpg,washing_dishes,domestic_work
Img_214.jpg,feeding_a_horse,Interacting_with_animal
Img_2141.jpg,walking_the_dog,Interacting_with_animal
Img_2145.jpg,playing_violin,domestic_work
Img_2148.jpg,jumping,other_activity
Img_2150.jpg,phoning,using_comm_device
Img_2159.jpg,playing_guitar,playing_musical_instrument
Img_216.jpg,cutting_vegetables,domestic_work
Img_2160.jpg,jumping,other_activity
Img_2161.jpg,climbing,other_activity
Img_2166.jpg,running,other_activity
Img_2172.jpg,washing_dishes,domestic_work
Img_2176.jpg,shooting_an_arrow,other_activity
Img_2177.jpg,phoning,playing_musical_instrument
Img_2178.jpg,cutting_vegetables,domestic_work
Img_2187.jpg,playing_violin,playing_musical_instrument
Img_2195.jpg,watching_TV,using_comm_device
Img_2199.jpg,riding_a_horse,Interacting_with_animal
Img_2204.jpg,rowing_a_boat,other_activity
Img_2212.jpg,riding_a_bike,other_activity
Img_2213.jpg,texting_message,using_comm_device
Img_2214.jpg,rowing_a_boat,other_activity
Img_2217.jpg,playing_guitar,using_comm_device
Img_222.jpg,texting_message,using_comm_device
Img_2223.jpg,taking_photos,using_comm_device
Img_2225.jpg,feeding_a_horse,domestic_work
Img_2226.jpg,using_a_computer,using_comm_device
Img_2227.jpg,texting_message,using_comm_device
Img_2237.jpg,texting_message,domestic_work
Img_224.jpg,cutting_vegetables,domestic_work
Img_2244.jpg,watching_TV,using_comm_device
Img_2247.jpg,rowing_a_boat,other_activity
Img_2250.jpg,cutting_vegetables,domestic_work
Img_2255.jpg,shooting_an_arrow,other_activity
Img_2256.jpg,watching_TV,using_comm_device
Img_2259.jpg,using_a_computer,domestic_work
Img_2269.jpg,using_a_computer,using_comm_device
Img_2270.jpg,washing_dishes,domestic_work
Img_2272.jpg,washing_dishes,using_comm_device
Img_2276.jpg,running,other_activity
Img_2281.jpg,feeding_a_horse,domestic_work
Img_2289.jpg,rowing_a_boat,other_activity
Img_2291.jpg,taking_photos,using_comm_device
Img_2292.jpg,phoning,using_comm_device
Img_2293.jpg,walking_the_dog,other_activity
Img_2298.jpg,cleaning_the_floor,domestic_work
Img_23.jpg,cooking,using_comm_device
Img_2303.jpg,taking_photos,other_activity
Img_2308.jpg,gardening,Interacting_with_animal
Img_2314.jpg,climbing,Interacting_with_animal
Img_2323.jpg,playing_guitar,playing_musical_instrument
Img_2327.jpg,playing_violin,Interacting_with_animal
Img_2328.jpg,gardening,domestic_work
Img_2332.jpg,watching_TV,using_comm_device
Img_2337.jpg,riding_a_bike,other_activity
Img_2338.jpg,using_a_computer,using_comm_device
Img_2339.jpg,playing_guitar,playing_musical_instrument
Img_2342.jpg,feeding_a_horse,Interacting_with_animal
Img_2344.jpg,climbing,other_activity
Img_2352.jpg,playing_guitar,playing_musical_instrument
Img_236.jpg,climbing,other_activity
Img_2360.jpg,rowing_a_boat,other_activity
Img_2368.jpg,cooking,domestic_work
Img_2374.jpg,cooking,domestic_work
Img_2375.jpg,cooking,domestic_work
Img_2376.jpg,using_a_computer,using_comm_device
Img_2377.jpg,texting_message,using_comm_device
Img_2378.jpg,watching_TV,using_comm_device
Img_2379.jpg,cooking,domestic_work
Img_2381.jpg,jumping,other_activity
Img_2390.jpg,jumping,other_activity
Img_2393.jpg,watching_TV,using_comm_device
Img_2396.jpg,playing_guitar,playing_musical_instrument
Img_2399.jpg,playing_violin,playing_musical_instrument
Img_2400.jpg,phoning,using_comm_device
Img_2407.jpg,using_a_computer,using_comm_device
Img_2408.jpg,playing_guitar,playing_musical_instrument
Img_2409.jpg,playing_violin,playing_musical_instrument
Img_241.jpg,cleaning_the_floor,other_activity
Img_2414.jpg,cleaning_the_floor,domestic_work
Img_2415.jpg,shooting_an_arrow,other_activity
Img_2417.jpg,cooking,using_comm_device
Img_2425.jpg,shooting_an_arrow,other_activity
Img_2431.jpg,cooking,Interacting_with_animal
Img_2434.jpg,phoning,using_comm_device
Img_2437.jpg,jumping,other_activity
Img_2445.jpg,running,Interacting_with_animal
Img_2447.jpg,rowing_a_boat,other_activity
Img_245.jpg,watching_TV,using_comm_device
Img_2451.jpg,cooking,playing_musical_instrument
Img_2456.jpg,watching_TV,using_comm_device
Img_2457.jpg,cleaning_the_floor,domestic_work
Img_2458.jpg,feeding_a_horse,Interacting_with_animal
Img_246.jpg,shooting_an_arrow,other_activity
Img_2461.jpg,shooting_an_arrow,other_activity
Img_2473.jpg,rowing_a_boat,other_activity
Img_2475.jpg,riding_a_horse,Interacting_with_animal
Img_249.jpg,cooking,Interacting_with_animal
Img_2494.jpg,playing_violin,domestic_work
Img_2495.jpg,jumping,other_activity
Img_2497.jpg,feeding_a_horse,Interacting_with_animal
Img_2503.jpg,playing_violin,playing_musical_instrument
Img_2509.jpg,texting_message,playing_musical_instrument
Img_2515.jpg,playing_violin,other_activity
Img_2519.jpg,gardening,domestic_work
Img_252.jpg,playing_violin,using_comm_device
Img_2521.jpg,using_a_computer,using_comm_device
Img_2524.jpg,walking_the_dog,Interacting_with_animal
Img_2525.jpg,gardening,domestic_work
Img_2544.jpg,walking_the_dog,Interacting_with_animal
Img_2549.jpg,cleaning_the_floor,domestic_work
Img_2552.jpg,feeding_a_horse,using_comm_device
Img_2553.jpg,walking_the_dog,Interacting_with_animal
Img_2554.jpg,running,other_activity
Img_2557.jpg,cooking,domestic_work
Img_2558.jpg,jumping,other_activity
Img_2560.jpg,riding_a_bike,other_activity
Img_2561.jpg,cutting_vegetables,domestic_work
Img_2571.jpg,feeding_a_horse,domestic_work
Img_2576.jpg,cleaning_the_floor,playing_musical_instrument
Img_2582.jpg,cooking,domestic_work
Img_2584.jpg,cleaning_the_floor,domestic_work
Img_2591.jpg,cooking,domestic_work
Img_2594.jpg,riding_a_horse,Interacting_with_animal
Img_2600.jpg,using_a_computer,using_comm_device
Img_2618.jpg,riding_a_horse,Interacting_with_animal
Img_262.jpg,walking_the_dog,Interacting_with_animal
Img_2622.jpg,walking_the_dog,Interacting_with_animal
Img_2625.jpg,cleaning_the_floor,domestic_work
Img_2629.jpg,gardening,domestic_work
Img_2636.jpg,gardening,domestic_work
Img_2638.jpg,texting_message,using_comm_device
Img_2639.jpg,shooting_an_arrow,using_comm_device
Img_2642.jpg,jumping,other_activity
Img_2643.jpg,cleaning_the_floor,domestic_work
Img_2647.jpg,gardening,domestic_work
Img_2650.jpg,jumping,domestic_work
Img_2651.jpg,jumping,other_activity
Img_2662.jpg,running,other_activity
Img_2663.jpg,rowing_a_boat,other_activity
Img_2671.jpg,taking_photos,using_comm_device
Img_2672.jpg,taking_photos,using_comm_device
Img_2673.jpg,rowing_a_boat,other_activity
Img_2683.jpg,using_a_computer,using_comm_device
Img_2684.jpg,jumping,other_activity
Img_2688.jpg,taking_photos,other_activity
Img_2689.jpg,watching_TV,using_comm_device
Img_2695.jpg,riding_a_horse,Interacting_with_animal
Img_2698.jpg,texting_message,using_comm_device
Img_27.jpg,shooting_an_arrow,other_activity
Img_2702.jpg,feeding_a_horse,domestic_work
Img_2705.jpg,walking_the_dog,Interacting_with_animal
Img_2712.jpg,cooking,domestic_work
Img_2713.jpg,playing_violin,playing_musical_instrument
Img_2715.jpg,using_a_computer,using_comm_device
Img_2719.jpg,walking_the_dog,Interacting_with_animal
Img_272.jpg,riding_a_horse,Interacting_with_animal
Img_2720.jpg,climbing,other_activity
Img_2721.jpg,using_a_computer,using_comm_device
Img_2722.jpg,washing_dishes,domestic_work
Img_2729.jpg,jumping,using_comm_device
Img_2732.jpg,shooting_an_arrow,other_activity
Img_274.jpg,taking_photos,using_comm_device
Img_2749.jpg,shooting_an_arrow,Interacting_with_animal
Img_2757.jpg,climbing,domestic_work
Img_276.jpg,washing_dishes,domestic_work
Img_2762.jpg,playing_guitar,other_activity
Img_2770.jpg,jumping,other_activity
Img_2773.jpg,watching_TV,using_comm_device
Img_2777.jpg,walking_the_dog,Interacting_with_animal
Img_2778.jpg,gardening,domestic_work
Img_2780.jpg,cooking,domestic_work
Img_2784.jpg,walking_the_dog,Interacting_with_animal
Img_2787.jpg,riding_a_bike,other_activity
Img_2788.jpg,riding_a_horse,Interacting_with_animal
Img_2789.jpg,riding_a_horse,Interacting_with_animal
Img_2796.jpg,riding_a_horse,Interacting_with_animal
Img_2799.jpg,running,other_activity
Img_280.jpg,cutting_vegetables,domestic_work
Img_2805.jpg,climbing,other_activity
Img_2808.jpg,shooting_an_arrow,other_activity
Img_2816.jpg,riding_a_horse,Interacting_with_animal
Img_2817.jpg,shooting_an_arrow,other_activity
Img_2819.jpg,cleaning_the_floor,domestic_work
Img_2824.jpg,climbing,other_activity
Img_2828.jpg,walking_the_dog,Interacting_with_animal
Img_284.jpg,phoning,using_comm_device
Img_2840.jpg,running,other_activity
Img_2843.jpg,watching_TV,using_comm_device
Img_2850.jpg,playing_guitar,playing_musical_instrument
Img_2856.jpg,walking_the_dog,domestic_work
Img_2866.jpg,rowing_a_boat,other_activity
Img_287.jpg,riding_a_bike,other_activity
Img_2872.jpg,phoning,other_activity
Img_2878.jpg,riding_a_horse,Interacting_with_animal
Img_288.jpg,shooting_an_arrow,other_activity
Img_2886.jpg,feeding_a_horse,Interacting_with_animal
Img_2887.jpg,using_a_computer,using_comm_device
Img_2889.jpg,playing_guitar,other_activity
Img_2892.jpg,cooking,domestic_work
Img_2893.jpg,rowing_a_boat,other_activity
Img_2901.jpg,rowing_a_boat,other_activity
Img_2904.jpg,cleaning_the_floor,domestic_work
Img_2905.jpg,feeding_a_horse,Interacting_with_animal
Img_2907.jpg,taking_photos,domestic_work
Img_2908.jpg,playing_guitar,playing_musical_instrument
Img_2909.jpg,cooking,using_comm_device
Img_291.jpg,cooking,domestic_work
Img_2911.jpg,cooking,domestic_work
Img_2913.jpg,gardening,domestic_work
Img_2923.jpg,rowing_a_boat,other_activity
Img_2929.jpg,phoning,using_comm_device
Img_2930.jpg,walking_the_dog,Interacting_with_animal
Img_2937.jpg,riding_a_horse,Interacting_with_animal
Img_2942.jpg,cleaning_the_floor,domestic_work
Img_2943.jpg,walking_the_dog,other_activity
Img_2945.jpg,feeding_a_horse,Interacting_with_animal
Img_2946.jpg,climbing,other_activity
Img_295.jpg,phoning,using_comm_device
Img_2950.jpg,walking_the_dog,Interacting_with_animal
Img_2951.jpg,jumping,other_activity
Img_2953.jpg,riding_a_horse,Interacting_with_animal
Img_2964.jpg,feeding_a_horse,Interacting_with_animal
Img_2968.jpg,cutting_vegetables,domestic_work
Img_2969.jpg,playing_violin,playing_musical_instrument
Img_2970.jpg,gardening,domestic_work
Img_2972.jpg,taking_photos,other_activity
Img_2976.jpg,rowing_a_boat,other_activity
Img_2981.jpg,cooking,domestic_work
Img_2983.jpg,playing_guitar,playing_musical_instrument
Img_2987.jpg,texting_message,using_comm_device
Img_2988.jpg,cooking,domestic_work
Img_2992.jpg,playing_guitar,playing_musical_instrument
Img_2995.jpg,jumping,other_activity
Img_300.jpg,playing_violin,using_comm_device
Img_3004.jpg,running,other_activity
Img_3007.jpg,shooting_an_arrow,other_activity
Img_3008.jpg,riding_a_bike,other_activity
Img_3019.jpg,playing_guitar,playing_musical_instrument
Img_302.jpg,rowing_a_boat,other_activity
Img_3021.jpg,washing_dishes,domestic_work
Img_3025.jpg,phoning,using_comm_device
Img_3027.jpg,riding_a_horse,Interacting_with_animal
Img_3029.jpg,riding_a_bike,other_activity
Img_3034.jpg,walking_the_dog,Interacting_with_animal
Img_3045.jpg,texting_message,other_activity
Img_3048.jpg,shooting_an_arrow,Interacting_with_animal
Img_305.jpg,cooking,domestic_work
Img_3051.jpg,shooting_an_arrow,other_activity
Img_3053.jpg,playing_guitar,playing_musical_instrument
Img_3058.jpg,gardening,domestic_work
Img_3060.jpg,climbing,other_activity
Img_3073.jpg,jumping,other_activity
Img_3075.jpg,rowing_a_boat,other_activity
Img_3085.jpg,feeding_a_horse,Interacting_with_animal
Img_3091.jpg,phoning,using_comm_device
Img_3094.jpg,cooking,domestic_work
Img_3103.jpg,taking_photos,Interacting_with_animal
Img_3107.jpg,phoning,using_comm_device
Img_311.jpg,riding_a_horse,Interacting_with_animal
Img_312.jpg,playing_guitar,playing_musical_instrument
Img_3121.jpg,shooting_an_arrow,other_activity
Img_3128.jpg,using_a_computer,using_comm_device
Img_3133.jpg,climbing,other_activity
Img_3139.jpg,rowing_a_boat,other_activity
Img_3141.jpg,jumping,other_activity
Img_3143.jpg,gardening,domestic_work
Img_3144.jpg,feeding_a_horse,Interacting_with_animal
Img_3149.jpg,cooking,domestic_work
Img_3151.jpg,gardening,domestic_work
Img_3153.jpg,running,other_activity
Img_3160.jpg,cooking,domestic_work
Img_3161.jpg,washing_dishes,domestic_work
Img_3165.jpg,phoning,using_comm_device
Img_3166.jpg,texting_message,using_comm_device
Img_3172.jpg,riding_a_bike,other_activity
Img_3177.jpg,cooking,domestic_work
Img_3179.jpg,feeding_a_horse,domestic_work
Img_3182.jpg,phoning,using_comm_device
Img_3184.jpg,playing_violin,playing_musical_instrument
Img_3185.jpg,walking_the_dog,Interacting_with_animal
Img_3186.jpg,rowing_a_boat,other_activity
Img_3192.jpg,gardening,domestic_work
Img_3199.jpg,phoning,using_comm_device
Img_3201.jpg,climbing,other_activity
Img_3208.jpg,watching_TV,using_comm_device
Img_3209.jpg,shooting_an_arrow,using_comm_device
Img_3228.jpg,playing_guitar,playing_musical_instrument
Img_3230.jpg,climbing,other_activity
Img_3232.jpg,riding_a_bike,other_activity
Img_3233.jpg,gardening,domestic_work
Img_3239.jpg,playing_guitar,playing_musical_instrument
Img_324.jpg,texting_message,domestic_work
Img_3242.jpg,playing_guitar,playing_musical_instrument
Img_3250.jpg,running,other_activity
Img_3254.jpg,gardening,domestic_work
Img_3272.jpg,rowing_a_boat,other_activity
Img_3274.jpg,playing_guitar,playing_musical_instrument
Img_3277.jpg,shooting_an_arrow,other_activity
Img_3286.jpg,cutting_vegetables,domestic_work
Img_3287.jpg,phoning,using_comm_device
Img_3289.jpg,rowing_a_boat,other_activity
Img_3304.jpg,shooting_an_arrow,other_activity
Img_3311.jpg,walking_the_dog,Interacting_with_animal
Img_3322.jpg,watching_TV,using_comm_device
Img_3325.jpg,playing_violin,Interacting_with_animal
Img_3326.jpg,walking_the_dog,Interacting_with_animal
Img_3336.jpg,riding_a_horse,playing_musical_instrument
Img_3339.jpg,rowing_a_boat,other_activity
Img_3342.jpg,riding_a_bike,other_activity
Img_3350.jpg,playing_guitar,domestic_work
Img_3355.jpg,walking_the_dog,other_activity
Img_3358.jpg,cleaning_the_floor,domestic_work
Img_3362.jpg,feeding_a_horse,Interacting_with_animal
Img_3374.jpg,shooting_an_arrow,other_activity
Img_3375.jpg,jumping,other_activity
Img_3376.jpg,running,other_activity
Img_338.jpg,gardening,domestic_work
Img_3383.jpg,climbing,other_activity
Img_339.jpg,taking_photos,using_comm_device
Img_3390.jpg,feeding_a_horse,Interacting_with_animal
Img_3397.jpg,cooking,domestic_work
Img_3398.jpg,running,using_comm_device
Img_3399.jpg,shooting_an_arrow,other_activity
Img_340.jpg,gardening,domestic_work
Img_3401.jpg,running,other_activity
Img_3404.jpg,playing_guitar,playing_musical_instrument
Img_3407.jpg,rowing_a_boat,other_activity
Img_3409.jpg,phoning,playing_musical_instrument
Img_3414.jpg,using_a_computer,domestic_work
Img_342.jpg,washing_dishes,using_comm_device
Img_3420.jpg,cooking,domestic_work
Img_3421.jpg,playing_violin,other_activity
Img_3423.jpg,playing_guitar,domestic_work
Img_3424.jpg,climbing,other_activity
Img_3426.jpg,cleaning_the_floor,domestic_work
Img_3428.jpg,riding_a_horse,Interacting_with_animal
Img_3431.jpg,feeding_a_horse,Interacting_with_animal
Img_3432.jpg,cooking,domestic_work
Img_3433.jpg,running,other_activity
Img_3437.jpg,running,using_comm_device
Img_3438.jpg,feeding_a_horse,Interacting_with_animal
Img_3439.jpg,feeding_a_horse,Interacting_with_animal
Img_344.jpg,playing_guitar,playing_musical_instrument
Img_3447.jpg,jumping,other_activity
Img_3450.jpg,jumping,other_activity
Img_3467.jpg,rowing_a_boat,other_activity
Img_3468.jpg,riding_a_horse,Interacting_with_animal
Img_3475.jpg,riding_a_horse,other_activity
Img_3484.jpg,gardening,other_activity
Img_3487.jpg,feeding_a_horse,Interacting_with_animal
Img_3488.jpg,riding_a_bike,other_activity
Img_3490.jpg,jumping,other_activity
Img_3493.jpg,walking_the_dog,playing_musical_instrument
Img_3496.jpg,phoning,Interacting_with_animal
Img_3502.jpg,climbing,other_activity
Img_3504.jpg,shooting_an_arrow,domestic_work
Img_3508.jpg,watching_TV,using_comm_device
Img_3511.jpg,texting_message,using_comm_device
Img_3521.jpg,cooking,domestic_work
Img_3525.jpg,phoning,using_comm_device
Img_3534.jpg,feeding_a_horse,Interacting_with_animal
Img_3535.jpg,gardening,domestic_work
Img_3537.jpg,playing_guitar,playing_musical_instrument
Img_3539.jpg,cleaning_the_floor,other_activity
Img_3542.jpg,jumping,other_activity
Img_3543.jpg,jumping,other_activity
Img_3544.jpg,walking_the_dog,Interacting_with_animal
Img_3545.jpg,texting_message,using_comm_device
Img_3552.jpg,running,other_activity
Img_3557.jpg,feeding_a_horse,domestic_work
Img_3560.jpg,jumping,other_activity
Img_3565.jpg,cleaning_the_floor,domestic_work
Img_3570.jpg,riding_a_horse,using_comm_device
Img_3586.jpg,cleaning_the_floor,domestic_work
Img_3593.jpg,shooting_an_arrow,other_activity
Img_3595.jpg,gardening,domestic_work
Img_3606.jpg,gardening,Interacting_with_animal
Img_3608.jpg,phoning,other_activity
Img_3615.jpg,texting_message,domestic_work
Img_3620.jpg,feeding_a_horse,domestic_work
Img_3622.jpg,riding_a_bike,other_activity
Img_3625.jpg,texting_message,Interacting_with_animal
Img_3627.jpg,feeding_a_horse,Interacting_with_animal
Img_3631.jpg,climbing,other_activity
Img_3636.jpg,phoning,using_comm_device
Img_3637.jpg,climbing,domestic_work
Img_3639.jpg,phoning,using_comm_device
Img_3640.jpg,climbing,other_activity
Img_3641.jpg,playing_violin,playing_musical_instrument
Img_3644.jpg,watching_TV,using_comm_device
Img_365.jpg,washing_dishes,domestic_work
Img_3659.jpg,jumping,other_activity
Img_3660.jpg,watching_TV,using_comm_device
Img_3666.jpg,watching_TV,using_comm_device
Img_3667.jpg,washing_dishes,domestic_work
Img_3671.jpg,cooking,Interacting_with_animal
Img_3675.jpg,phoning,using_comm_device
Img_3685.jpg,using_a_computer,using_comm_device
Img_3686.jpg,taking_photos,using_comm_device
Img_3688.jpg,riding_a_bike,other_activity
Img_3703.jpg,watching_TV,using_comm_device
Img_3709.jpg,running,other_activity
Img_3711.jpg,playing_violin,playing_musical_instrument
Img_3714.jpg,watching_TV,using_comm_device
Img_3715.jpg,walking_the_dog,Interacting_with_animal
Img_3722.jpg,running,other_activity
Img_373.jpg,cutting_vegetables,domestic_work
Img_3730.jpg,playing_guitar,playing_musical_instrument
Img_3733.jpg,playing_guitar,playing_musical_instrument
Img_3734.jpg,shooting_an_arrow,other_activity
Img_3735.jpg,gardening,domestic_work
Img_3743.jpg,cooking,domestic_work
Img_3744.jpg,watching_TV,using_comm_device
Img_375.jpg,phoning,using_comm_device
Img_376.jpg,climbing,other_activity
Img_3762.jpg,cooking,domestic_work
Img_3772.jpg,cooking,domestic_work
Img_3775.jpg,feeding_a_horse,Interacting_with_animal
Img_3782.jpg,watching_TV,using_comm_device
Img_3788.jpg,using_a_computer,using_comm_device
Img_3789.jpg,riding_a_bike,other_activity
Img_3801.jpg,riding_a_bike,other_activity
Img_3811.jpg,running,other_activity
Img_3818.jpg,texting_message,using_comm_device
Img_3821.jpg,riding_a_horse,Interacting_with_animal
Img_3829.jpg,playing_violin,Interacting_with_animal
Img_3833.jpg,shooting_an_arrow,other_activity
Img_3836.jpg,cutting_vegetables,using_comm_device
Img_3840.jpg,phoning,using_comm_device
Img_3842.jpg,cooking,domestic_work
Img_3846.jpg,rowing_a_boat,other_activity
Img_3850.jpg,playing_guitar,playing_musical_instrument
Img_3851.jpg,texting_message,using_comm_device
Img_3863.jpg,cooking,domestic_work
Img_3867.jpg,feeding_a_horse,using_comm_device
Img_3869.jpg,rowing_a_boat,other_activity
Img_3870.jpg,riding_a_bike,other_activity
Img_3871.jpg,riding_a_bike,other_activity
Img_3873.jpg,phoning,using_comm_device
Img_3879.jpg,gardening,domestic_work
Img_3882.jpg,texting_message,using_comm_device
Img_3883.jpg,playing_violin,playing_musical_instrument
Img_3885.jpg,running,other_activity
Img_3886.jpg,gardening,Interacting_with_animal
Img_3890.jpg,cooking,domestic_work
Img_3903.jpg,using_a_computer,domestic_work
Img_3904.jpg,riding_a_horse,Interacting_with_animal
Img_3912.jpg,phoning,using_comm_device
Img_3913.jpg,using_a_computer,using_comm_device
Img_3916.jpg,playing_violin,playing_musical_instrument
Img_3919.jpg,feeding_a_horse,Interacting_with_animal
Img_3922.jpg,climbing,other_activity
Img_3923.jpg,playing_guitar,playing_musical_instrument
Img_3928.jpg,walking_the_dog,domestic_work
Img_3932.jpg,walking_the_dog,other_activity
Img_3935.jpg,running,other_activity
Img_3938.jpg,feeding_a_horse,Interacting_with_animal
Img_3939.jpg,riding_a_bike,domestic_work
Img_3944.jpg,cleaning_the_floor,domestic_work
Img_3948.jpg,phoning,using_comm_device
Img_3951.jpg,phoning,using_comm_device
Img_3953.jpg,playing_violin,playing_musical_instrument
Img_3954.jpg,using_a_computer,using_comm_device
Img_3961.jpg,playing_guitar,playing_musical_instrument
Img_3967.jpg,phoning,using_comm_device
Img_3970.jpg,walking_the_dog,Interacting_with_animal
Img_3974.jpg,texting_message,using_comm_device
Img_3975.jpg,walking_the_dog,Interacting_with_animal
Img_3984.jpg,watching_TV,using_comm_device
Img_3998.jpg,texting_message,using_comm_device
Img_4.jpg,phoning,using_comm_device
Img_4005.jpg,playing_violin,playing_musical_instrument
Img_4006.jpg,running,other_activity
Img_401.jpg,jumping,other_activity
Img_4016.jpg,riding_a_bike,other_activity
Img_4021.jpg,climbing,other_activity
Img_4024.jpg,running,Interacting_with_animal
Img_4028.jpg,walking_the_dog,Interacting_with_animal
Img_4029.jpg,cutting_vegetables,domestic_work
Img_4036.jpg,phoning,using_comm_device
Img_4037.jpg,cooking,domestic_work
Img_404.jpg,taking_photos,using_comm_device
Img_4040.jpg,cutting_vegetables,domestic_work
Img_4041.jpg,watching_TV,domestic_work
Img_4042.jpg,using_a_computer,using_comm_device
Img_4045.jpg,rowing_a_boat,domestic_work
Img_4049.jpg,texting_message,other_activity
Img_405.jpg,rowing_a_boat,other_activity
Img_4051.jpg,riding_a_bike,other_activity
Img_4053.jpg,playing_guitar,playing_musical_instrument
Img_4060.jpg,watching_TV,using_comm_device
Img_4066.jpg,gardening,other_activity
Img_4068.jpg,riding_a_horse,Interacting_with_animal
Img_4070.jpg,playing_violin,playing_musical_instrument
Img_4071.jpg,riding_a_horse,other_activity
Img_4073.jpg,watching_TV,using_comm_device
Img_4086.jpg,cutting_vegetables,domestic_work
Img_4088.jpg,riding_a_bike,other_activity
Img_4089.jpg,cutting_vegetables,domestic_work
Img_4096.jpg,cooking,domestic_work
Img_4097.jpg,rowing_a_boat,other_activity
Img_4099.jpg,cutting_vegetables,domestic_work
Img_4104.jpg,jumping,other_activity
Img_4108.jpg,riding_a_horse,Interacting_with_animal
Img_412.jpg,riding_a_horse,Interacting_with_animal
Img_4120.jpg,cleaning_the_floor,domestic_work
Img_4121.jpg,texting_message,using_comm_device
Img_4126.jpg,running,other_activity
Img_4128.jpg,cleaning_the_floor,domestic_work
Img_4129.jpg,gardening,domestic_work
Img_4136.jpg,phoning,using_comm_device
Img_4138.jpg,cooking,domestic_work
Img_4142.jpg,using_a_computer,using_comm_device
Img_4148.jpg,texting_message,using_comm_device
Img_415.jpg,jumping,using_comm_device
Img_4150.jpg,climbing,other_activity
Img_4159.jpg,phoning,using_comm_device
Img_4163.jpg,phoning,using_comm_device
Img_4166.jpg,feeding_a_horse,Interacting_with_animal
Img_4167.jpg,playing_guitar,domestic_work
Img_4168.jpg,riding_a_bike,other_activity
Img_4174.jpg,taking_photos,using_comm_device
Img_4175.jpg,phoning,domestic_work
Img_4181.jpg,playing_violin,playing_musical_instrument
Img_4183.jpg,gardening,domestic_work
Img_4185.jpg,gardening,Interacting_with_animal
Img_4186.jpg,riding_a_bike,other_activity
Img_4191.jpg,riding_a_horse,Interacting_with_animal
Img_4192.jpg,gardening,domestic_work
Img_4193.jpg,playing_guitar,playing_musical_instrument
Img_4197.jpg,riding_a_bike,other_activity
Img_4210.jpg,walking_the_dog,Interacting_with_animal
Img_4216.jpg,texting_message,playing_musical_instrument
Img_4221.jpg,cooking,domestic_work
Img_4222.jpg,watching_TV,using_comm_device
Img_4224.jpg,riding_a_bike,other_activity
Img_4225.jpg,running,other_activity
Img_4229.jpg,jumping,other_activity
Img_423.jpg,cleaning_the_floor,domestic_work
Img_4233.jpg,watching_TV,using_comm_device
Img_4241.jpg,taking_photos,using_comm_device
Img_4246.jpg,walking_the_dog,other_activity
Img_4247.jpg,using_a_computer,using_comm_device
Img_4251.jpg,feeding_a_horse,Interacting_with_animal
Img_4252.jpg,riding_a_bike,playing_musical_instrument
Img_4253.jpg,playing_violin,other_activity
Img_4269.jpg,shooting_an_arrow,using_comm_device
Img_4274.jpg,using_a_computer,using_comm_device
Img_4276.jpg,feeding_a_horse,Interacting_with_animal
Img_4299.jpg,cooking,domestic_work
Img_4308.jpg,texting_message,using_comm_device
Img_4309.jpg,feeding_a_horse,Interacting_with_animal
Img_4313.jpg,phoning,using_comm_device
Img_4316.jpg,walking_the_dog,Interacting_with_animal
Img_4326.jpg,jumping,Interacting_with_animal
Img_4327.jpg,feeding_a_horse,domestic_work
Img_4328.jpg,riding_a_horse,Interacting_with_animal
Img_4338.jpg,riding_a_bike,other_activity
Img_4347.jpg,texting_message,domestic_work
Img_4351.jpg,texting_message,using_comm_device
Img_4359.jpg,phoning,using_comm_device
Img_4360.jpg,phoning,using_comm_device
Img_4363.jpg,playing_guitar,playing_musical_instrument
Img_4364.jpg,rowing_a_boat,other_activity
Img_4366.jpg,playing_violin,using_comm_device
Img_4370.jpg,rowing_a_boat,other_activity
Img_4373.jpg,playing_guitar,playing_musical_instrument
Img_4376.jpg,rowing_a_boat,other_activity
Img_4378.jpg,feeding_a_horse,using_comm_device
Img_4379.jpg,jumping,other_activity
Img_4380.jpg,cooking,domestic_work
Img_439.jpg,taking_photos,other_activity
Img_4392.jpg,phoning,other_activity
Img_4393.jpg,feeding_a_horse,Interacting_with_animal
Img_44.jpg,taking_photos,using_comm_device
Img_4404.jpg,playing_guitar,playing_musical_instrument
Img_4406.jpg,gardening,domestic_work
Img_441.jpg,feeding_a_horse,Interacting_with_animal
Img_4411.jpg,climbing,Interacting_with_animal
Img_4423.jpg,using_a_computer,using_comm_device
Img_4427.jpg,gardening,other_activity
Img_443.jpg,riding_a_horse,Interacting_with_animal
Img_4431.jpg,using_a_computer,using_comm_device
Img_4433.jpg,gardening,domestic_work
Img_4435.jpg,walking_the_dog,Interacting_with_animal
Img_4437.jpg,shooting_an_arrow,domestic_work
Img_444.jpg,using_a_computer,using_comm_device
Img_4440.jpg,jumping,other_activity
Img_4442.jpg,playing_violin,using_comm_device
Img_4446.jpg,riding_a_horse,Interacting_with_animal
Img_4447.jpg,playing_violin,playing_musical_instrument
Img_445.jpg,gardening,domestic_work
Img_4452.jpg,running,other_activity
Img_4455.jpg,riding_a_bike,other_activity
Img_4456.jpg,using_a_computer,using_comm_device
Img_4457.jpg,playing_violin,playing_musical_instrument
Img_4459.jpg,rowing_a_boat,domestic_work
Img_446.jpg,walking_the_dog,Interacting_with_animal
Img_4462.jpg,jumping,other_activity
Img_4465.jpg,washing_dishes,using_comm_device
Img_447.jpg,rowing_a_boat,other_activity
Img_4471.jpg,cooking,domestic_work
Img_4483.jpg,gardening,domestic_work
Img_4487.jpg,cooking,Interacting_with_animal
Img_4489.jpg,feeding_a_horse,Interacting_with_animal
Img_45.jpg,cooking,domestic_work
Img_4503.jpg,walking_the_dog,other_activity
Img_4504.jpg,texting_message,using_comm_device
Img_4506.jpg,jumping,other_activity
Img_4507.jpg,climbing,other_activity
Img_4515.jpg,texting_message,using_comm_device
Img_4516.jpg,climbing,other_activity
Img_4519.jpg,playing_guitar,playing_musical_instrument
Img_4525.jpg,jumping,other_activity
Img_4534.jpg,shooting_an_arrow,other_activity
Img_4535.jpg,climbing,other_activity
Img_4537.jpg,playing_violin,using_comm_device
Img_4538.jpg,playing_violin,playing_musical_instrument
Img_4541.jpg,riding_a_bike,other_activity
Img_4552.jpg,riding_a_horse,Interacting_with_animal
Img_4554.jpg,playing_guitar,playing_musical_instrument
Img_4557.jpg,texting_message,playing_musical_instrument
Img_4561.jpg,gardening,domestic_work
Img_4564.jpg,phoning,using_comm_device
Img_4566.jpg,riding_a_horse,Interacting_with_animal
Img_4568.jpg,jumping,other_activity
Img_4573.jpg,texting_message,using_comm_device
Img_4574.jpg,jumping,other_activity
Img_4577.jpg,taking_photos,using_comm_device
Img_4583.jpg,feeding_a_horse,Interacting_with_animal
Img_4586.jpg,shooting_an_arrow,Interacting_with_animal
Img_4587.jpg,cooking,domestic_work
Img_4599.jpg,feeding_a_horse,Interacting_with_animal
Img_4603.jpg,cleaning_the_floor,domestic_work
Img_4606.jpg,texting_message,using_comm_device
Img_4607.jpg,using_a_computer,domestic_work
Img_4612.jpg,phoning,using_comm_device
Img_4613.jpg,walking_the_dog,other_activity
Img_4617.jpg,cooking,domestic_work
Img_4618.jpg,watching_TV,using_comm_device
Img_462.jpg,running,other_activity
Img_4621.jpg,gardening,domestic_work
Img_4624.jpg,shooting_an_arrow,other_activity
Img_4625.jpg,playing_guitar,playing_musical_instrument
Img_463.jpg,phoning,using_comm_device
Img_4632.jpg,phoning,using_comm_device
Img_4637.jpg,using_a_computer,using_comm_device
Img_4645.jpg,cutting_vegetables,domestic_work
Img_4648.jpg,cooking,domestic_work
Img_4649.jpg,feeding_a_horse,Interacting_with_animal
Img_4652.jpg,taking_photos,domestic_work
Img_4653.jpg,playing_guitar,other_activity
Img_4655.jpg,shooting_an_arrow,other_activity
Img_4659.jpg,climbing,other_activity
Img_4660.jpg,playing_guitar,playing_musical_instrument
Img_4668.jpg,gardening,domestic_work
Img_4670.jpg,phoning,using_comm_device
Img_4674.jpg,cleaning_the_floor,domestic_work
Img_4677.jpg,climbing,other_activity
Img_4679.jpg,watching_TV,using_comm_device
Img_468.jpg,shooting_an_arrow,using_comm_device
Img_4681.jpg,phoning,domestic_work
Img_4682.jpg,running,Interacting_with_animal
Img_4687.jpg,riding_a_bike,other_activity
Img_4691.jpg,riding_a_bike,other_activity
Img_4692.jpg,using_a_computer,using_comm_device
Img_4706.jpg,washing_dishes,other_activity
Img_4709.jpg,feeding_a_horse,domestic_work
Img_4713.jpg,phoning,domestic_work
Img_4717.jpg,feeding_a_horse,Interacting_with_animal
Img_4718.jpg,feeding_a_horse,Interacting_with_animal
Img_4726.jpg,using_a_computer,domestic_work
Img_4727.jpg,riding_a_bike,other_activity
Img_4728.jpg,running,other_activity
Img_4729.jpg,cleaning_the_floor,domestic_work
Img_4735.jpg,playing_guitar,playing_musical_instrument
Img_4738.jpg,riding_a_horse,Interacting_with_animal
Img_4741.jpg,riding_a_bike,other_activity
Img_4742.jpg,jumping,other_activity
Img_4744.jpg,jumping,other_activity
Img_4746.jpg,climbing,other_activity
Img_4747.jpg,cooking,domestic_work
Img_4748.jpg,phoning,domestic_work
Img_475.jpg,cleaning_the_floor,domestic_work
Img_4752.jpg,shooting_an_arrow,other_activity
Img_4761.jpg,climbing,other_activity
Img_4764.jpg,shooting_an_arrow,Interacting_with_animal
Img_4765.jpg,texting_message,using_comm_device
Img_4769.jpg,cooking,domestic_work
Img_477.jpg,rowing_a_boat,other_activity
Img_4772.jpg,using_a_computer,using_comm_device
Img_4774.jpg,playing_violin,playing_musical_instrument
Img_4780.jpg,phoning,using_comm_device
Img_4791.jpg,rowing_a_boat,other_activity
Img_4792.jpg,texting_message,using_comm_device
Img_4794.jpg,walking_the_dog,Interacting_with_animal
Img_4795.jpg,watching_TV,using_comm_device
Img_48.jpg,playing_guitar,other_activity
Img_4802.jpg,riding_a_horse,Interacting_with_animal
Img_4807.jpg,phoning,using_comm_device
Img_4809.jpg,climbing,other_activity
Img_481.jpg,riding_a_horse,Interacting_with_animal
Img_4820.jpg,cooking,domestic_work
Img_4823.jpg,cooking,domestic_work
Img_4829.jpg,watching_TV,using_comm_device
Img_483.jpg,climbing,other_activity
Img_4830.jpg,shooting_an_arrow,other_activity
Img_4835.jpg,climbing,other_activity
Img_4838.jpg,shooting_an_arrow,other_activity
Img_4841.jpg,texting_message,using_comm_device
Img_4844.jpg,rowing_a_boat,other_activity
Img_4847.jpg,washing_dishes,domestic_work
Img_4851.jpg,washing_dishes,domestic_work
Img_4862.jpg,phoning,domestic_work
Img_4863.jpg,jumping,other_activity
Img_4867.jpg,riding_a_bike,other_activity
Img_4872.jpg,feeding_a_horse,Interacting_with_animal
Img_4881.jpg,shooting_an_arrow,other_activity
Img_4885.jpg,playing_violin,domestic_work
Img_4897.jpg,cleaning_the_floor,domestic_work
Img_4898.jpg,riding_a_horse,Interacting_with_animal
Img_49.jpg,running,other_activity
Img_4901.jpg,running,other_activity
Img_4909.jpg,feeding_a_horse,using_comm_device
Img_4914.jpg,gardening,domestic_work
Img_4918.jpg,phoning,using_comm_device
Img_4919.jpg,cleaning_the_floor,domestic_work
Img_4920.jpg,riding_a_bike,other_activity
Img_4922.jpg,riding_a_horse,Interacting_with_animal
Img_4923.jpg,playing_guitar,playing_musical_instrument
Img_4931.jpg,climbing,other_activity
Img_4932.jpg,climbing,other_activity
Img_4940.jpg,playing_violin,playing_musical_instrument
Img_4942.jpg,texting_message,using_comm_device
Img_4943.jpg,jumping,Interacting_with_animal
Img_496.jpg,jumping,Interacting_with_animal
Img_4967.jpg,shooting_an_arrow,other_activity
Img_497.jpg,phoning,using_comm_device
Img_4970.jpg,feeding_a_horse,Interacting_with_animal
Img_4979.jpg,playing_violin,other_activity
Img_498.jpg,using_a_computer,using_comm_device
Img_4981.jpg,cutting_vegetables,domestic_work
Img_4988.jpg,using_a_computer,using_comm_device
Img_499.jpg,feeding_a_horse,Interacting_with_animal
Img_4992.jpg,jumping,other_activity
Img_4997.jpg,jumping,other_activity
Img_5003.jpg,using_a_computer,using_comm_device
Img_5004.jpg,riding_a_horse,Interacting_with_animal
Img_5011.jpg,washing_dishes,using_comm_device
Img_5013.jpg,cooking,domestic_work
Img_502.jpg,playing_violin,playing_musical_instrument
Img_5021.jpg,playing_violin,Interacting_with_animal
Img_5025.jpg,walking_the_dog,other_activity
Img_5030.jpg,shooting_an_arrow,other_activity
Img_5040.jpg,playing_violin,playing_musical_instrument
Img_5043.jpg,cooking,domestic_work
Img_5047.jpg,cooking,using_comm_device
Img_5050.jpg,playing_violin,Interacting_with_animal
Img_5056.jpg,cooking,using_comm_device
Img_5065.jpg,washing_dishes,domestic_work
Img_5066.jpg,cooking,using_comm_device
Img_5069.jpg,taking_photos,using_comm_device
Img_5071.jpg,taking_photos,using_comm_device
Img_5080.jpg,using_a_computer,using_comm_device
Img_5103.jpg,riding_a_bike,other_activity
Img_5108.jpg,playing_violin,playing_musical_instrument
Img_5110.jpg,gardening,domestic_work
Img_5113.jpg,climbing,other_activity
Img_5118.jpg,walking_the_dog,domestic_work
Img_512.jpg,riding_a_horse,Interacting_with_animal
Img_5122.jpg,shooting_an_arrow,other_activity
Img_5124.jpg,riding_a_bike,other_activity
Img_513.jpg,playing_violin,playing_musical_instrument
Img_5131.jpg,taking_photos,using_comm_device
Img_5132.jpg,playing_guitar,playing_musical_instrument
Img_5136.jpg,watching_TV,using_comm_device
Img_514.jpg,running,other_activity
Img_5142.jpg,shooting_an_arrow,other_activity
Img_5146.jpg,taking_photos,using_comm_device
Img_515.jpg,playing_violin,playing_musical_instrument
Img_5157.jpg,rowing_a_boat,other_activity
Img_5161.jpg,gardening,domestic_work
Img_5168.jpg,using_a_computer,domestic_work
Img_5173.jpg,riding_a_bike,other_activity
Img_5174.jpg,rowing_a_boat,other_activity
Img_5176.jpg,playing_violin,playing_musical_instrument
Img_5177.jpg,feeding_a_horse,Interacting_with_animal
Img_5190.jpg,texting_message,using_comm_device
Img_5191.jpg,feeding_a_horse,Interacting_with_animal
Img_52.jpg,rowing_a_boat,other_activity
Img_5217.jpg,cooking,other_activity
Img_5218.jpg,jumping,other_activity
Img_5221.jpg,rowing_a_boat,other_activity
Img_5224.jpg,watching_TV,domestic_work
Img_5227.jpg,taking_photos,using_comm_device
Img_5231.jpg,phoning,using_comm_device
Img_5246.jpg,climbing,other_activity
Img_5259.jpg,riding_a_bike,other_activity
Img_526.jpg,taking_photos,using_comm_device
Img_5260.jpg,playing_violin,playing_musical_instrument
Img_5267.jpg,playing_violin,domestic_work
Img_5269.jpg,texting_message,using_comm_device
Img_5270.jpg,walking_the_dog,Interacting_with_animal
Img_5271.jpg,cleaning_the_floor,domestic_work
Img_5279.jpg,phoning,using_comm_device
Img_5281.jpg,cooking,domestic_work
Img_5288.jpg,cooking,domestic_work
Img_5290.jpg,jumping,other_activity
Img_5295.jpg,climbing,other_activity
Img_5299.jpg,running,Interacting_with_animal
Img_530.jpg,cooking,domestic_work
Img_5308.jpg,feeding_a_horse,using_comm_device
Img_5313.jpg,riding_a_bike,other_activity
Img_5315.jpg,texting_message,domestic_work
Img_532.jpg,phoning,using_comm_device
Img_5329.jpg,cooking,domestic_work
Img_533.jpg,playing_violin,playing_musical_instrument
Img_5335.jpg,feeding_a_horse,Interacting_with_animal
Img_5337.jpg,riding_a_horse,Interacting_with_animal
Img_534.jpg,playing_violin,playing_musical_instrument
Img_5342.jpg,shooting_an_arrow,other_activity
Img_5354.jpg,rowing_a_boat,other_activity
Img_536.jpg,cooking,domestic_work
Img_5360.jpg,texting_message,using_comm_device
Img_5362.jpg,playing_guitar,playing_musical_instrument
Img_5363.jpg,riding_a_horse,Interacting_with_animal
Img_5364.jpg,shooting_an_arrow,using_comm_device
Img_5367.jpg,cooking,domestic_work
Img_537.jpg,jumping,other_activity
Img_5373.jpg,cooking,domestic_work
Img_5377.jpg,climbing,other_activity
Img_538.jpg,riding_a_horse,Interacting_with_animal
Img_5382.jpg,running,other_activity
Img_5385.jpg,running,other_activity
Img_5387.jpg,phoning,using_comm_device
Img_5394.jpg,jumping,other_activity
Img_5400.jpg,gardening,other_activity
Img_541.jpg,gardening,domestic_work
Img_5417.jpg,watching_TV,using_comm_device
Img_542.jpg,washing_dishes,domestic_work
Img_5422.jpg,running,using_comm_device
Img_5423.jpg,phoning,using_comm_device
Img_5426.jpg,cooking,domestic_work
Img_5433.jpg,riding_a_horse,Interacting_with_animal
Img_5435.jpg,watching_TV,using_comm_device
Img_5436.jpg,riding_a_horse,Interacting_with_animal
Img_5441.jpg,playing_violin,domestic_work
Img_5443.jpg,cutting_vegetables,domestic_work
Img_5450.jpg,phoning,using_comm_device
Img_5451.jpg,rowing_a_boat,other_activity
Img_5464.jpg,washing_dishes,domestic_work
Img_5465.jpg,cooking,domestic_work
Img_5466.jpg,taking_photos,using_comm_device
Img_5467.jpg,cooking,domestic_work
Img_5470.jpg,washing_dishes,domestic_work
Img_5481.jpg,gardening,other_activity
Img_5488.jpg,riding_a_bike,other_activity
Img_5490.jpg,climbing,other_activity
Img_5491.jpg,phoning,using_comm_device
Img_5493.jpg,playing_guitar,playing_musical_instrument
Img_55.jpg,climbing,other_activity
Img_550.jpg,jumping,Interacting_with_animal
Img_551.jpg,shooting_an_arrow,other_activity
Img_5524.jpg,taking_photos,playing_musical_instrument
Img_5526.jpg,feeding_a_horse,Interacting_with_animal
Img_5527.jpg,taking_photos,using_comm_device
Img_553.jpg,rowing_a_boat,other_activity
Img_5534.jpg,jumping,other_activity
Img_5539.jpg,watching_TV,using_comm_device
Img_5540.jpg,cleaning_the_floor,domestic_work
Img_5542.jpg,playing_violin,playing_musical_instrument
Img_5544.jpg,phoning,using_comm_device
Img_5550.jpg,climbing,other_activity
Img_5563.jpg,cleaning_the_floor,playing_musical_instrument
Img_5573.jpg,riding_a_horse,Interacting_with_animal
Img_5580.jpg,playing_violin,playing_musical_instrument
Img_5581.jpg,riding_a_bike,playing_musical_instrument
Img_5589.jpg,washing_dishes,domestic_work
Img_5591.jpg,walking_the_dog,other_activity
Img_5593.jpg,cooking,using_comm_device
Img_5596.jpg,feeding_a_horse,Interacting_with_animal
Img_5597.jpg,cutting_vegetables,domestic_work
Img_5600.jpg,climbing,other_activity
Img_5602.jpg,running,using_comm_device
Img_5606.jpg,gardening,domestic_work
Img_5611.jpg,playing_violin,playing_musical_instrument
Img_5613.jpg,playing_violin,playing_musical_instrument
Img_5615.jpg,texting_message,domestic_work
Img_5616.jpg,cooking,domestic_work
Img_5623.jpg,feeding_a_horse,Interacting_with_animal
Img_5624.jpg,rowing_a_boat,other_activity
Img_5627.jpg,feeding_a_horse,using_comm_device
Img_5629.jpg,gardening,domestic_work
Img_563.jpg,running,other_activity
Img_564.jpg,jumping,other_activity
Img_5641.jpg,playing_guitar,playing_musical_instrument
Img_5643.jpg,cleaning_the_floor,domestic_work
Img_5655.jpg,climbing,other_activity
Img_5668.jpg,playing_violin,playing_musical_instrument
Img_5669.jpg,playing_guitar,other_activity
Img_567.jpg,texting_message,using_comm_device
Img_5673.jpg,jumping,other_activity
Img_5676.jpg,jumping,other_activity
Img_5677.jpg,phoning,using_comm_device
Img_5680.jpg,washing_dishes,domestic_work
Img_5681.jpg,cleaning_the_floor,domestic_work
Img_5684.jpg,phoning,using_comm_device
Img_5689.jpg,texting_message,other_activity
Img_5694.jpg,cooking,using_comm_device
Img_5732.jpg,shooting_an_arrow,other_activity
Img_5737.jpg,texting_message,using_comm_device
Img_5739.jpg,cutting_vegetables,using_comm_device
Img_574.jpg,riding_a_horse,Interacting_with_animal
Img_5743.jpg,riding_a_horse,Interacting_with_animal
Img_5744.jpg,jumping,other_activity
Img_5754.jpg,walking_the_dog,Interacting_with_animal
Img_5755.jpg,gardening,other_activity
Img_5760.jpg,taking_photos,other_activity
Img_5761.jpg,gardening,domestic_work
Img_5764.jpg,cooking,domestic_work
Img_5765.jpg,playing_guitar,playing_musical_instrument
Img_5770.jpg,texting_message,using_comm_device
Img_5786.jpg,using_a_computer,using_comm_device
Img_5790.jpg,cooking,domestic_work
Img_5792.jpg,phoning,using_comm_device
Img_5798.jpg,running,other_activity
Img_58.jpg,gardening,domestic_work
Img_5802.jpg,feeding_a_horse,using_comm_device
Img_5804.jpg,using_a_computer,using_comm_device
Img_581.jpg,playing_guitar,playing_musical_instrument
Img_5811.jpg,gardening,domestic_work
Img_5812.jpg,riding_a_bike,other_activity
Img_5813.jpg,feeding_a_horse,Interacting_with_animal
Img_5816.jpg,feeding_a_horse,Interacting_with_animal
Img_5818.jpg,watching_TV,using_comm_device
Img_5822.jpg,cleaning_the_floor,domestic_work
Img_5830.jpg,taking_photos,using_comm_device
Img_5831.jpg,playing_violin,playing_musical_instrument
Img_5834.jpg,running,other_activity
Img_5835.jpg,phoning,using_comm_device
Img_5847.jpg,phoning,using_comm_device
Img_5856.jpg,texting_message,using_comm_device
Img_5858.jpg,cleaning_the_floor,other_activity
Img_5860.jpg,feeding_a_horse,Interacting_with_animal
Img_5863.jpg,phoning,using_comm_device
Img_5871.jpg,running,other_activity
Img_5880.jpg,feeding_a_horse,Interacting_with_animal
Img_5881.jpg,playing_guitar,playing_musical_instrument
Img_589.jpg,phoning,using_comm_device
Img_5893.jpg,cooking,domestic_work
Img_5905.jpg,gardening,domestic_work
Img_5906.jpg,climbing,other_activity
Img_592.jpg,using_a_computer,domestic_work
Img_5920.jpg,riding_a_horse,Interacting_with_animal
Img_5922.jpg,walking_the_dog,Interacting_with_animal
Img_5925.jpg,watching_TV,using_comm_device
Img_5926.jpg,watching_TV,using_comm_device
Img_5930.jpg,playing_violin,other_activity
Img_594.jpg,texting_message,using_comm_device
Img_5945.jpg,feeding_a_horse,using_comm_device
Img_595.jpg,rowing_a_boat,other_activity
Img_5950.jpg,feeding_a_horse,Interacting_with_animal
Img_5953.jpg,watching_TV,using_comm_device
Img_5958.jpg,cooking,playing_musical_instrument
Img_5961.jpg,watching_TV,using_comm_device
Img_5967.jpg,rowing_a_boat,other_activity
Img_5968.jpg,phoning,other_activity
Img_597.jpg,cooking,domestic_work
Img_5971.jpg,running,other_activity
Img_5978.jpg,washing_dishes,domestic_work
Img_5979.jpg,using_a_computer,domestic_work
Img_5984.jpg,cooking,domestic_work
Img_5997.jpg,riding_a_bike,other_activity
Img_5999.jpg,riding_a_horse,Interacting_with_animal
Img_6001.jpg,cooking,using_comm_device
Img_6002.jpg,shooting_an_arrow,other_activity
Img_6004.jpg,walking_the_dog,other_activity
Img_6007.jpg,watching_TV,using_comm_device
Img_6018.jpg,running,other_activity
Img_6024.jpg,playing_violin,playing_musical_instrument
Img_6027.jpg,playing_violin,playing_musical_instrument
Img_603.jpg,watching_TV,using_comm_device
Img_6031.jpg,shooting_an_arrow,other_activity
Img_604.jpg,jumping,other_activity
Img_6042.jpg,riding_a_bike,other_activity
Img_6045.jpg,jumping,other_activity
Img_6054.jpg,climbing,other_activity
Img_6071.jpg,feeding_a_horse,Interacting_with_animal
Img_6078.jpg,texting_message,using_comm_device
Img_6089.jpg,watching_TV,using_comm_device
Img_6092.jpg,phoning,other_activity
Img_6095.jpg,riding_a_bike,other_activity
Img_6096.jpg,playing_violin,other_activity
Img_610.jpg,jumping,other_activity
Img_6100.jpg,jumping,other_activity
Img_6104.jpg,phoning,other_activity
Img_6106.jpg,washing_dishes,domestic_work
Img_6108.jpg,using_a_computer,using_comm_device
Img_6109.jpg,playing_guitar,playing_musical_instrument
Img_6111.jpg,feeding_a_horse,using_comm_device
Img_6138.jpg,texting_message,using_comm_device
Img_6148.jpg,cooking,using_comm_device
Img_6150.jpg,playing_violin,playing_musical_instrument
Img_6166.jpg,phoning,using_comm_device
Img_6168.jpg,gardening,other_activity
Img_6172.jpg,feeding_a_horse,domestic_work
Img_618.jpg,cooking,domestic_work
Img_6187.jpg,cooking,domestic_work
Img_6192.jpg,jumping,other_activity
Img_6196.jpg,gardening,domestic_work
Img_62.jpg,playing_guitar,playing_musical_instrument
Img_620.jpg,using_a_computer,using_comm_device
Img_6203.jpg,rowing_a_boat,other_activity
Img_6204.jpg,phoning,using_comm_device
Img_6206.jpg,cleaning_the_floor,other_activity
Img_621.jpg,shooting_an_arrow,other_activity
Img_6213.jpg,playing_violin,other_activity
Img_6218.jpg,taking_photos,using_comm_device
Img_6222.jpg,watching_TV,using_comm_device
Img_6225.jpg,jumping,other_activity
Img_6227.jpg,washing_dishes,domestic_work
Img_6232.jpg,playing_violin,playing_musical_instrument
Img_6238.jpg,taking_photos,using_comm_device
Img_6242.jpg,cooking,domestic_work
Img_6243.jpg,running,other_activity
Img_6248.jpg,feeding_a_horse,using_comm_device
Img_6254.jpg,gardening,domestic_work
Img_6255.jpg,taking_photos,other_activity
Img_6260.jpg,cooking,domestic_work
Img_6262.jpg,rowing_a_boat,other_activity
Img_6265.jpg,riding_a_horse,Interacting_with_animal
Img_6266.jpg,playing_guitar,playing_musical_instrument
Img_627.jpg,running,Interacting_with_animal
Img_6271.jpg,shooting_an_arrow,other_activity
Img_6273.jpg,feeding_a_horse,domestic_work
Img_6286.jpg,taking_photos,using_comm_device
Img_6294.jpg,feeding_a_horse,Interacting_with_animal
Img_6298.jpg,running,other_activity
Img_6308.jpg,phoning,using_comm_device
Img_6310.jpg,cooking,domestic_work
Img_6313.jpg,jumping,other_activity
Img_6326.jpg,walking_the_dog,Interacting_with_animal
Img_6330.jpg,running,other_activity
Img_6335.jpg,climbing,Interacting_with_animal
Img_6337.jpg,climbing,Interacting_with_animal
Img_6348.jpg,riding_a_bike,other_activity
Img_6351.jpg,phoning,using_comm_device
Img_6352.jpg,climbing,other_activity
Img_6362.jpg,climbing,other_activity
Img_6364.jpg,shooting_an_arrow,other_activity
Img_6367.jpg,rowing_a_boat,other_activity
Img_6368.jpg,taking_photos,playing_musical_instrument
Img_637.jpg,riding_a_horse,Interacting_with_animal
Img_6372.jpg,shooting_an_arrow,Interacting_with_animal
Img_6391.jpg,feeding_a_horse,Interacting_with_animal
Img_6392.jpg,running,other_activity
Img_6393.jpg,cooking,domestic_work
Img_6406.jpg,watching_TV,other_activity
Img_6407.jpg,playing_violin,playing_musical_instrument
Img_6411.jpg,texting_message,using_comm_device
Img_6414.jpg,cleaning_the_floor,domestic_work
Img_6421.jpg,playing_violin,other_activity
Img_6424.jpg,climbing,using_comm_device
Img_6436.jpg,riding_a_horse,Interacting_with_animal
Img_6440.jpg,climbing,other_activity
Img_6442.jpg,gardening,domestic_work
Img_6454.jpg,taking_photos,Interacting_with_animal
Img_6455.jpg,riding_a_bike,other_activity
Img_6456.jpg,walking_the_dog,other_activity
Img_6467.jpg,jumping,other_activity
Img_647.jpg,playing_guitar,domestic_work
Img_6474.jpg,cleaning_the_floor,domestic_work
Img_648.jpg,phoning,Interacting_with_animal
Img_6491.jpg,walking_the_dog,other_activity
Img_6498.jpg,running,other_activity
Img_65.jpg,washing_dishes,domestic_work
Img_6506.jpg,watching_TV,domestic_work
Img_651.jpg,cooking,domestic_work
Img_6518.jpg,cooking,domestic_work
Img_6520.jpg,rowing_a_boat,other_activity
Img_6522.jpg,phoning,playing_musical_instrument
Img_6524.jpg,cooking,using_comm_device
Img_6528.jpg,playing_violin,playing_musical_instrument
Img_6534.jpg,watching_TV,using_comm_device
Img_6535.jpg,gardening,domestic_work
Img_6538.jpg,cleaning_the_floor,domestic_work
Img_6539.jpg,playing_guitar,playing_musical_instrument
Img_6554.jpg,playing_guitar,playing_musical_instrument
Img_6560.jpg,phoning,using_comm_device
Img_6561.jpg,riding_a_horse,other_activity
Img_6565.jpg,watching_TV,using_comm_device
Img_6567.jpg,texting_message,using_comm_device
Img_6575.jpg,climbing,other_activity
Img_6582.jpg,playing_violin,using_comm_device
Img_6588.jpg,using_a_computer,using_comm_device
Img_659.jpg,playing_violin,other_activity
Img_6590.jpg,riding_a_horse,domestic_work
Img_6595.jpg,texting_message,using_comm_device
Img_6597.jpg,phoning,using_comm_device
Img_6600.jpg,walking_the_dog,Interacting_with_animal
Img_6607.jpg,riding_a_horse,Interacting_with_animal
Img_6608.jpg,texting_message,other_activity
Img_661.jpg,climbing,other_activity
Img_6617.jpg,playing_violin,domestic_work
Img_6620.jpg,cooking,domestic_work
Img_6621.jpg,cleaning_the_floor,domestic_work
Img_6623.jpg,feeding_a_horse,Interacting_with_animal
Img_6624.jpg,watching_TV,using_comm_device
Img_6634.jpg,climbing,other_activity
Img_6637.jpg,cooking,domestic_work
Img_6639.jpg,gardening,domestic_work
Img_6640.jpg,jumping,other_activity
Img_6644.jpg,playing_guitar,domestic_work
Img_6646.jpg,rowing_a_boat,other_activity
Img_6654.jpg,using_a_computer,using_comm_device
Img_6659.jpg,shooting_an_arrow,Interacting_with_animal
Img_6662.jpg,playing_guitar,using_comm_device
Img_6667.jpg,texting_message,using_comm_device
Img_6676.jpg,playing_violin,playing_musical_instrument
Img_6677.jpg,shooting_an_arrow,other_activity
Img_6680.jpg,playing_guitar,using_comm_device
Img_6681.jpg,taking_photos,using_comm_device
Img_6684.jpg,taking_photos,using_comm_device
Img_6690.jpg,cooking,domestic_work
Img_6694.jpg,riding_a_horse,Interacting_with_animal
Img_6698.jpg,playing_guitar,playing_musical_instrument
Img_67.jpg,playing_violin,playing_musical_instrument
Img_6702.jpg,riding_a_bike,Interacting_with_animal
Img_6703.jpg,playing_guitar,playing_musical_instrument
Img_6707.jpg,using_a_computer,domestic_work
Img_6709.jpg,playing_guitar,other_activity
Img_6711.jpg,riding_a_bike,other_activity
Img_6714.jpg,climbing,other_activity
Img_6719.jpg,rowing_a_boat,other_activity
Img_6726.jpg,walking_the_dog,Interacting_with_animal
Img_6727.jpg,cooking,playing_musical_instrument
Img_6729.jpg,cutting_vegetables,domestic_work
Img_673.jpg,jumping,other_activity
Img_6730.jpg,phoning,using_comm_device
Img_6733.jpg,playing_guitar,other_activity
Img_6735.jpg,playing_guitar,playing_musical_instrument
Img_6741.jpg,texting_message,using_comm_device
Img_6742.jpg,jumping,other_activity
Img_6747.jpg,using_a_computer,using_comm_device
Img_6748.jpg,shooting_an_arrow,other_activity
Img_6749.jpg,climbing,other_activity
Img_6752.jpg,jumping,other_activity
Img_6753.jpg,playing_violin,playing_musical_instrument
Img_6756.jpg,playing_violin,playing_musical_instrument
Img_6761.jpg,gardening,domestic_work
Img_6762.jpg,riding_a_horse,Interacting_with_animal
Img_6764.jpg,rowing_a_boat,other_activity
Img_6772.jpg,texting_message,using_comm_device
Img_6774.jpg,cooking,domestic_work
Img_6775.jpg,jumping,Interacting_with_animal
Img_6778.jpg,cooking,domestic_work
Img_6784.jpg,watching_TV,using_comm_device
Img_6787.jpg,feeding_a_horse,Interacting_with_animal
Img_6789.jpg,gardening,domestic_work
Img_6792.jpg,texting_message,using_comm_device
Img_6800.jpg,climbing,other_activity
Img_6801.jpg,phoning,using_comm_device
Img_6809.jpg,gardening,domestic_work
Img_6814.jpg,feeding_a_horse,Interacting_with_animal
Img_6818.jpg,cleaning_the_floor,domestic_work
Img_6830.jpg,texting_message,using_comm_device
Img_6831.jpg,climbing,other_activity
Img_6832.jpg,using_a_computer,domestic_work
Img_6840.jpg,phoning,using_comm_device
Img_6847.jpg,playing_violin,playing_musical_instrument
Img_6848.jpg,riding_a_bike,other_activity
Img_6852.jpg,climbing,other_activity
Img_686.jpg,walking_the_dog,Interacting_with_animal
Img_6865.jpg,cooking,domestic_work
Img_6879.jpg,playing_guitar,playing_musical_instrument
Img_688.jpg,playing_violin,playing_musical_instrument
Img_6883.jpg,rowing_a_boat,other_activity
Img_6885.jpg,riding_a_horse,other_activity
Img_6891.jpg,feeding_a_horse,Interacting_with_animal
Img_6893.jpg,phoning,using_comm_device
Img_6895.jpg,using_a_computer,using_comm_device
Img_6901.jpg,taking_photos,Interacting_with_animal
Img_6909.jpg,climbing,domestic_work
Img_6910.jpg,shooting_an_arrow,Interacting_with_animal
Img_6919.jpg,cooking,domestic_work
Img_6925.jpg,cleaning_the_floor,domestic_work
Img_6934.jpg,gardening,domestic_work
Img_6935.jpg,phoning,domestic_work
Img_6948.jpg,walking_the_dog,Interacting_with_animal
Img_6956.jpg,cleaning_the_floor,domestic_work
Img_6963.jpg,feeding_a_horse,domestic_work
Img_6965.jpg,cooking,domestic_work
Img_6967.jpg,watching_TV,using_comm_device
Img_697.jpg,taking_photos,using_comm_device
Img_6973.jpg,climbing,other_activity
Img_6976.jpg,riding_a_bike,other_activity
Img_698.jpg,riding_a_horse,Interacting_with_animal
Img_6982.jpg,shooting_an_arrow,Interacting_with_animal
Img_6983.jpg,phoning,using_comm_device
Img_6987.jpg,rowing_a_boat,other_activity
Img_6993.jpg,running,other_activity
Img_6994.jpg,cleaning_the_floor,domestic_work
Img_6997.jpg,playing_violin,using_comm_device
Img_700.jpg,using_a_computer,using_comm_device
Img_7018.jpg,washing_dishes,domestic_work
Img_7023.jpg,texting_message,other_activity
Img_7026.jpg,phoning,using_comm_device
Img_7032.jpg,playing_violin,playing_musical_instrument
Img_7037.jpg,feeding_a_horse,using_comm_device
Img_7048.jpg,climbing,other_activity
Img_7061.jpg,climbing,other_activity
Img_7089.jpg,gardening,domestic_work
Img_709.jpg,washing_dishes,domestic_work
Img_7090.jpg,texting_message,domestic_work
Img_71.jpg,cutting_vegetables,domestic_work
Img_7107.jpg,washing_dishes,using_comm_device
Img_7110.jpg,gardening,domestic_work
Img_7112.jpg,washing_dishes,domestic_work
Img_7113.jpg,shooting_an_arrow,playing_musical_instrument
Img_7115.jpg,cutting_vegetables,domestic_work
Img_7119.jpg,phoning,using_comm_device
Img_7121.jpg,taking_photos,using_comm_device
Img_7123.jpg,feeding_a_horse,Interacting_with_animal
Img_7139.jpg,cooking,domestic_work
Img_7159.jpg,playing_violin,playing_musical_instrument
Img_716.jpg,jumping,other_activity
Img_7162.jpg,running,Interacting_with_animal
Img_7168.jpg,riding_a_bike,other_activity
Img_7174.jpg,using_a_computer,other_activity
Img_7184.jpg,watching_TV,using_comm_device
Img_7189.jpg,phoning,domestic_work
Img_720.jpg,climbing,other_activity
Img_7201.jpg,cooking,domestic_work
Img_7203.jpg,rowing_a_boat,other_activity
Img_7207.jpg,rowing_a_boat,other_activity
Img_7218.jpg,cleaning_the_floor,other_activity
Img_722.jpg,gardening,domestic_work
Img_7223.jpg,walking_the_dog,Interacting_with_animal
Img_7224.jpg,walking_the_dog,Interacting_with_animal
Img_7231.jpg,texting_message,using_comm_device
Img_7241.jpg,cleaning_the_floor,domestic_work
Img_7244.jpg,gardening,domestic_work
Img_7251.jpg,cleaning_the_floor,domestic_work
Img_7254.jpg,shooting_an_arrow,other_activity
Img_7255.jpg,watching_TV,using_comm_device
Img_7257.jpg,playing_guitar,playing_musical_instrument
Img_7264.jpg,playing_violin,other_activity
Img_7266.jpg,cooking,domestic_work
Img_7271.jpg,gardening,domestic_work
Img_7272.jpg,feeding_a_horse,Interacting_with_animal
Img_7280.jpg,cooking,domestic_work
Img_7281.jpg,climbing,other_activity
Img_7286.jpg,jumping,other_activity
Img_729.jpg,rowing_a_boat,other_activity
Img_7290.jpg,phoning,using_comm_device
Img_7293.jpg,cooking,domestic_work
Img_7294.jpg,jumping,other_activity
Img_730.jpg,phoning,using_comm_device
Img_7300.jpg,walking_the_dog,using_comm_device
Img_7305.jpg,phoning,using_comm_device
Img_7306.jpg,taking_photos,playing_musical_instrument
Img_7313.jpg,phoning,domestic_work
Img_7328.jpg,riding_a_horse,Interacting_with_animal
Img_7336.jpg,texting_message,using_comm_device
Img_734.jpg,shooting_an_arrow,other_activity
Img_7344.jpg,riding_a_horse,Interacting_with_animal
Img_7346.jpg,cleaning_the_floor,domestic_work
Img_7348.jpg,playing_guitar,playing_musical_instrument
Img_7351.jpg,watching_TV,using_comm_device
Img_7352.jpg,cutting_vegetables,domestic_work
Img_7358.jpg,jumping,other_activity
Img_7359.jpg,cooking,playing_musical_instrument
Img_7369.jpg,cleaning_the_floor,other_activity
Img_7370.jpg,watching_TV,using_comm_device
Img_7373.jpg,jumping,other_activity
Img_7374.jpg,rowing_a_boat,other_activity
Img_7382.jpg,using_a_computer,using_comm_device
Img_7386.jpg,playing_violin,playing_musical_instrument
Img_7389.jpg,texting_message,using_comm_device
Img_7390.jpg,playing_guitar,using_comm_device
Img_7397.jpg,playing_guitar,playing_musical_instrument
Img_7398.jpg,phoning,using_comm_device
Img_7399.jpg,playing_violin,playing_musical_instrument
Img_7405.jpg,running,other_activity
Img_7406.jpg,feeding_a_horse,Interacting_with_animal
Img_7409.jpg,running,other_activity
Img_741.jpg,cooking,domestic_work
Img_7414.jpg,shooting_an_arrow,other_activity
Img_7416.jpg,using_a_computer,using_comm_device
Img_7421.jpg,jumping,other_activity
Img_7426.jpg,phoning,using_comm_device
Img_7429.jpg,climbing,other_activity
Img_7430.jpg,taking_photos,using_comm_device
Img_7432.jpg,playing_guitar,playing_musical_instrument
Img_7457.jpg,playing_violin,playing_musical_instrument
Img_7458.jpg,playing_violin,using_comm_device
Img_7459.jpg,using_a_computer,using_comm_device
Img_7466.jpg,washing_dishes,using_comm_device
Img_747.jpg,cooking,domestic_work
Img_7477.jpg,walking_the_dog,Interacting_with_animal
Img_7479.jpg,climbing,Interacting_with_animal
Img_748.jpg,cooking,domestic_work
Img_7489.jpg,cooking,domestic_work
Img_749.jpg,phoning,other_activity
Img_7494.jpg,riding_a_horse,Interacting_with_animal
Img_7505.jpg,cooking,domestic_work
Img_7507.jpg,climbing,other_activity
Img_7509.jpg,watching_TV,using_comm_device
Img_7511.jpg,playing_violin,playing_musical_instrument
Img_7512.jpg,rowing_a_boat,using_comm_device
Img_7514.jpg,cleaning_the_floor,domestic_work
Img_7517.jpg,rowing_a_boat,other_activity
Img_7519.jpg,cutting_vegetables,domestic_work
Img_7521.jpg,riding_a_bike,other_activity
Img_7525.jpg,taking_photos,other_activity
Img_7526.jpg,jumping,other_activity
Img_7528.jpg,riding_a_horse,Interacting_with_animal
Img_7529.jpg,shooting_an_arrow,other_activity
Img_7531.jpg,rowing_a_boat,domestic_work
Img_7540.jpg,cooking,domestic_work
Img_7550.jpg,jumping,other_activity
Img_7551.jpg,playing_violin,using_comm_device
Img_7553.jpg,jumping,other_activity
Img_7574.jpg,phoning,using_comm_device
Img_7575.jpg,playing_violin,using_comm_device
Img_7577.jpg,rowing_a_boat,other_activity
Img_7583.jpg,watching_TV,using_comm_device
Img_7585.jpg,watching_TV,using_comm_device
Img_7587.jpg,walking_the_dog,Interacting_with_animal
Img_7589.jpg,phoning,using_comm_device
Img_759.jpg,playing_guitar,playing_musical_instrument
Img_7591.jpg,cooking,domestic_work
Img_7595.jpg,texting_message,using_comm_device
Img_7596.jpg,playing_violin,playing_musical_instrument
Img_7597.jpg,watching_TV,using_comm_device
Img_76.jpg,gardening,domestic_work
Img_7604.jpg,climbing,other_activity
Img_7606.jpg,cooking,domestic_work
Img_7607.jpg,feeding_a_horse,Interacting_with_animal
Img_7613.jpg,playing_violin,domestic_work
Img_7620.jpg,feeding_a_horse,Interacting_with_animal
Img_7629.jpg,feeding_a_horse,Interacting_with_animal
Img_7634.jpg,cooking,domestic_work
Img_7637.jpg,shooting_an_arrow,other_activity
Img_7639.jpg,feeding_a_horse,Interacting_with_animal
Img_765.jpg,cooking,domestic_work
Img_7650.jpg,riding_a_horse,Interacting_with_animal
Img_7652.jpg,running,other_activity
Img_7656.jpg,taking_photos,using_comm_device
Img_7662.jpg,playing_violin,Interacting_with_animal
Img_7663.jpg,riding_a_horse,Interacting_with_animal
Img_7664.jpg,texting_message,using_comm_device
Img_7670.jpg,walking_the_dog,Interacting_with_animal
Img_7675.jpg,shooting_an_arrow,domestic_work
Img_7677.jpg,walking_the_dog,Interacting_with_animal
Img_7679.jpg,walking_the_dog,Interacting_with_animal
Img_7681.jpg,walking_the_dog,other_activity
Img_7682.jpg,riding_a_horse,Interacting_with_animal
Img_7683.jpg,cleaning_the_floor,domestic_work
Img_7684.jpg,using_a_computer,using_comm_device
Img_7689.jpg,washing_dishes,domestic_work
Img_769.jpg,gardening,domestic_work
Img_7694.jpg,climbing,other_activity
Img_7696.jpg,jumping,other_activity
Img_7701.jpg,rowing_a_boat,other_activity
Img_7706.jpg,running,Interacting_with_animal
Img_7708.jpg,phoning,Interacting_with_animal
Img_7712.jpg,phoning,using_comm_device
Img_7716.jpg,phoning,other_activity
Img_7717.jpg,running,other_activity
Img_7731.jpg,using_a_computer,domestic_work
Img_7735.jpg,rowing_a_boat,other_activity
Img_7738.jpg,texting_message,using_comm_device
Img_7739.jpg,walking_the_dog,Interacting_with_animal
Img_774.jpg,riding_a_horse,Interacting_with_animal
Img_7750.jpg,cleaning_the_floor,domestic_work
Img_7754.jpg,using_a_computer,using_comm_device
Img_7756.jpg,riding_a_horse,playing_musical_instrument
Img_7760.jpg,feeding_a_horse,Interacting_with_animal
Img_7761.jpg,phoning,using_comm_device
Img_7766.jpg,feeding_a_horse,using_comm_device
Img_7772.jpg,playing_violin,Interacting_with_animal
Img_7778.jpg,playing_violin,playing_musical_instrument
Img_778.jpg,jumping,other_activity
Img_7786.jpg,gardening,Interacting_with_animal
Img_7788.jpg,rowing_a_boat,other_activity
Img_7791.jpg,texting_message,using_comm_device
Img_7803.jpg,texting_message,using_comm_device
Img_7806.jpg,watching_TV,domestic_work
Img_7809.jpg,washing_dishes,using_comm_device
Img_781.jpg,rowing_a_boat,other_activity
Img_7824.jpg,cleaning_the_floor,other_activity
Img_7835.jpg,shooting_an_arrow,other_activity
Img_7837.jpg,texting_message,using_comm_device
Img_7841.jpg,jumping,other_activity
Img_7850.jpg,walking_the_dog,Interacting_with_animal
Img_7852.jpg,texting_message,using_comm_device
Img_7853.jpg,texting_message,using_comm_device
Img_7855.jpg,jumping,other_activity
Img_7857.jpg,feeding_a_horse,Interacting_with_animal
Img_7862.jpg,running,other_activity
Img_7869.jpg,playing_violin,playing_musical_instrument
Img_7870.jpg,cooking,domestic_work
Img_7871.jpg,feeding_a_horse,Interacting_with_animal
Img_7872.jpg,jumping,other_activity
Img_7873.jpg,taking_photos,other_activity
Img_7875.jpg,running,using_comm_device
Img_7877.jpg,rowing_a_boat,using_comm_device
Img_7878.jpg,jumping,other_activity
Img_788.jpg,shooting_an_arrow,playing_musical_instrument
Img_7886.jpg,texting_message,using_comm_device
Img_7904.jpg,cutting_vegetables,domestic_work
Img_7905.jpg,playing_guitar,playing_musical_instrument
Img_7908.jpg,shooting_an_arrow,other_activity
Img_7909.jpg,rowing_a_boat,other_activity
Img_7915.jpg,riding_a_bike,other_activity
Img_7922.jpg,climbing,other_activity
Img_7923.jpg,cooking,domestic_work
Img_7930.jpg,gardening,domestic_work
Img_7931.jpg,feeding_a_horse,Interacting_with_animal
Img_7939.jpg,cooking,domestic_work
Img_794.jpg,texting_message,using_comm_device
Img_7943.jpg,riding_a_bike,other_activity
Img_7947.jpg,cleaning_the_floor,other_activity
Img_7952.jpg,cooking,domestic_work
Img_7953.jpg,riding_a_horse,Interacting_with_animal
Img_7954.jpg,gardening,domestic_work
Img_7968.jpg,cooking,domestic_work
Img_7976.jpg,jumping,other_activity
Img_7979.jpg,cooking,domestic_work
Img_798.jpg,cleaning_the_floor,domestic_work
Img_7983.jpg,cooking,domestic_work
Img_7989.jpg,phoning,using_comm_device
Img_7990.jpg,gardening,domestic_work
Img_7995.jpg,walking_the_dog,using_comm_device
Img_80.jpg,taking_photos,using_comm_device
Img_8001.jpg,playing_guitar,using_comm_device
Img_8002.jpg,phoning,using_comm_device
Img_8007.jpg,feeding_a_horse,Interacting_with_animal
Img_801.jpg,rowing_a_boat,other_activity
Img_8010.jpg,watching_TV,using_comm_device
Img_8011.jpg,riding_a_bike,other_activity
Img_8013.jpg,feeding_a_horse,Interacting_with_animal
Img_8018.jpg,taking_photos,using_comm_device
Img_8019.jpg,walking_the_dog,Interacting_with_animal
Img_8023.jpg,rowing_a_boat,other_activity
Img_8030.jpg,cutting_vegetables,domestic_work
Img_8038.jpg,cooking,domestic_work
Img_8040.jpg,riding_a_bike,other_activity
Img_8047.jpg,phoning,using_comm_device
Img_8048.jpg,feeding_a_horse,Interacting_with_animal
Img_8050.jpg,riding_a_bike,other_activity
Img_8054.jpg,playing_guitar,using_comm_device
Img_8058.jpg,running,other_activity
Img_8062.jpg,gardening,other_activity
Img_8072.jpg,texting_message,using_comm_device
Img_8074.jpg,texting_message,domestic_work
Img_8078.jpg,riding_a_horse,Interacting_with_animal
Img_8079.jpg,gardening,Interacting_with_animal
Img_8080.jpg,shooting_an_arrow,other_activity
Img_8081.jpg,walking_the_dog,Interacting_with_animal
Img_8082.jpg,riding_a_horse,Interacting_with_animal
Img_8084.jpg,running,other_activity
Img_8086.jpg,riding_a_bike,other_activity
Img_8096.jpg,climbing,Interacting_with_animal
Img_81.jpg,gardening,domestic_work
Img_8102.jpg,rowing_a_boat,playing_musical_instrument
Img_8103.jpg,riding_a_horse,Interacting_with_animal
Img_8105.jpg,playing_violin,using_comm_device
Img_8106.jpg,jumping,other_activity
Img_8109.jpg,watching_TV,using_comm_device
Img_811.jpg,shooting_an_arrow,other_activity
Img_8112.jpg,watching_TV,using_comm_device
Img_8115.jpg,gardening,other_activity
Img_8118.jpg,texting_message,using_comm_device
Img_8122.jpg,rowing_a_boat,other_activity
Img_8124.jpg,playing_violin,playing_musical_instrument
Img_8131.jpg,taking_photos,using_comm_device
Img_8132.jpg,gardening,domestic_work
Img_8134.jpg,phoning,other_activity
Img_8143.jpg,gardening,other_activity
Img_8144.jpg,texting_message,using_comm_device
Img_8147.jpg,gardening,domestic_work
Img_8150.jpg,cleaning_the_floor,domestic_work
Img_8156.jpg,using_a_computer,using_comm_device
Img_8168.jpg,jumping,other_activity
Img_8174.jpg,cutting_vegetables,domestic_work
Img_8175.jpg,walking_the_dog,other_activity
Img_8183.jpg,playing_violin,playing_musical_instrument
Img_819.jpg,rowing_a_boat,domestic_work
Img_8197.jpg,taking_photos,using_comm_device
Img_821.jpg,feeding_a_horse,Interacting_with_animal
Img_8210.jpg,watching_TV,using_comm_device
Img_8216.jpg,climbing,other_activity
Img_8218.jpg,cleaning_the_floor,domestic_work
Img_8228.jpg,walking_the_dog,other_activity
Img_8236.jpg,playing_guitar,playing_musical_instrument
Img_824.jpg,cleaning_the_floor,domestic_work
Img_8240.jpg,running,other_activity
Img_8241.jpg,walking_the_dog,Interacting_with_animal
Img_8243.jpg,cooking,domestic_work
Img_8248.jpg,cutting_vegetables,domestic_work
Img_8256.jpg,playing_violin,playing_musical_instrument
Img_8258.jpg,watching_TV,using_comm_device
Img_8261.jpg,jumping,other_activity
Img_8262.jpg,playing_violin,playing_musical_instrument
Img_8264.jpg,running,Interacting_with_animal
Img_8266.jpg,feeding_a_horse,Interacting_with_animal
Img_8267.jpg,climbing,other_activity
Img_8276.jpg,running,other_activity
Img_8279.jpg,jumping,domestic_work
Img_8288.jpg,cutting_vegetables,domestic_work
Img_8294.jpg,playing_guitar,using_comm_device
Img_8297.jpg,phoning,using_comm_device
Img_8302.jpg,riding_a_bike,other_activity
Img_8304.jpg,cooking,domestic_work
Img_8314.jpg,riding_a_horse,Interacting_with_animal
Img_8321.jpg,cooking,domestic_work
Img_8336.jpg,walking_the_dog,using_comm_device
Img_834.jpg,climbing,other_activity
Img_8352.jpg,using_a_computer,using_comm_device
Img_8356.jpg,washing_dishes,using_comm_device
Img_8358.jpg,walking_the_dog,Interacting_with_animal
Img_8359.jpg,playing_guitar,playing_musical_instrument
Img_8361.jpg,using_a_computer,using_comm_device
Img_8363.jpg,walking_the_dog,other_activity
Img_8364.jpg,gardening,domestic_work
Img_8367.jpg,running,other_activity
Img_8370.jpg,riding_a_bike,other_activity
Img_8372.jpg,using_a_computer,using_comm_device
Img_8374.jpg,playing_violin,playing_musical_instrument
Img_8378.jpg,climbing,using_comm_device
Img_838.jpg,cleaning_the_floor,using_comm_device
Img_8385.jpg,cleaning_the_floor,domestic_work
Img_8390.jpg,cooking,domestic_work
Img_8395.jpg,taking_photos,Interacting_with_animal
Img_8400.jpg,running,other_activity
Img_8404.jpg,using_a_computer,domestic_work
Img_8409.jpg,jumping,other_activity
Img_8413.jpg,riding_a_horse,domestic_work
Img_8417.jpg,gardening,domestic_work
Img_8424.jpg,cooking,domestic_work
Img_8425.jpg,walking_the_dog,Interacting_with_animal
Img_8429.jpg,running,using_comm_device
Img_8433.jpg,playing_violin,playing_musical_instrument
Img_8434.jpg,climbing,other_activity
Img_8435.jpg,using_a_computer,using_comm_device
Img_8441.jpg,phoning,using_comm_device
Img_8443.jpg,rowing_a_boat,other_activity
Img_8444.jpg,watching_TV,using_comm_device
Img_8447.jpg,watching_TV,using_comm_device
Img_8455.jpg,watching_TV,using_comm_device
Img_8458.jpg,cooking,domestic_work
Img_847.jpg,running,other_activity
Img_8470.jpg,climbing,domestic_work
Img_8479.jpg,phoning,using_comm_device
Img_85.jpg,watching_TV,using_comm_device
Img_8500.jpg,shooting_an_arrow,other_activity
Img_8503.jpg,riding_a_horse,using_comm_device
Img_8504.jpg,jumping,other_activity
Img_8510.jpg,washing_dishes,domestic_work
Img_8525.jpg,playing_guitar,playing_musical_instrument
Img_8529.jpg,climbing,other_activity
Img_8540.jpg,riding_a_bike,other_activity
Img_8541.jpg,cooking,domestic_work
Img_855.jpg,texting_message,using_comm_device
Img_8555.jpg,climbing,other_activity
Img_8562.jpg,walking_the_dog,Interacting_with_animal
Img_8565.jpg,walking_the_dog,Interacting_with_animal
Img_8566.jpg,cutting_vegetables,domestic_work
Img_8567.jpg,taking_photos,using_comm_device
Img_8570.jpg,cooking,domestic_work
Img_8571.jpg,shooting_an_arrow,domestic_work
Img_8572.jpg,cooking,domestic_work
Img_8573.jpg,texting_message,using_comm_device
Img_8574.jpg,playing_violin,playing_musical_instrument
Img_8578.jpg,gardening,Interacting_with_animal
Img_8581.jpg,riding_a_horse,Interacting_with_animal
Img_8582.jpg,jumping,other_activity
Img_8584.jpg,feeding_a_horse,Interacting_with_animal
Img_8587.jpg,washing_dishes,domestic_work
Img_8589.jpg,walking_the_dog,other_activity
Img_8593.jpg,using_a_computer,using_comm_device
Img_8596.jpg,cleaning_the_floor,using_comm_device
Img_8599.jpg,climbing,other_activity
Img_8601.jpg,riding_a_bike,other_activity
Img_8602.jpg,watching_TV,using_comm_device
Img_8608.jpg,gardening,domestic_work
Img_8616.jpg,jumping,other_activity
Img_8618.jpg,riding_a_horse,other_activity
Img_8624.jpg,texting_message,using_comm_device
Img_8627.jpg,texting_message,other_activity
Img_8634.jpg,texting_message,domestic_work
Img_8635.jpg,climbing,other_activity
Img_8649.jpg,running,other_activity
Img_8650.jpg,phoning,using_comm_device
Img_8654.jpg,playing_guitar,using_comm_device
Img_8655.jpg,running,Interacting_with_animal
Img_8657.jpg,texting_message,using_comm_device
Img_8660.jpg,riding_a_bike,other_activity
Img_8661.jpg,playing_guitar,playing_musical_instrument
Img_8663.jpg,playing_violin,playing_musical_instrument
Img_8665.jpg,using_a_computer,using_comm_device
Img_867.jpg,taking_photos,using_comm_device
Img_8671.jpg,gardening,domestic_work
Img_8687.jpg,cooking,domestic_work
Img_869.jpg,climbing,other_activity
Img_8692.jpg,riding_a_bike,other_activity
Img_8697.jpg,watching_TV,using_comm_device
Img_8700.jpg,taking_photos,using_comm_device
Img_8707.jpg,cooking,domestic_work
Img_8708.jpg,climbing,other_activity
Img_871.jpg,running,other_activity
Img_8719.jpg,phoning,other_activity
Img_8721.jpg,jumping,other_activity
Img_8723.jpg,phoning,using_comm_device
Img_8726.jpg,using_a_computer,using_comm_device
Img_8736.jpg,climbing,other_activity
Img_8743.jpg,cooking,using_comm_device
Img_8761.jpg,cooking,domestic_work
Img_8762.jpg,playing_guitar,domestic_work
Img_8775.jpg,cutting_vegetables,domestic_work
Img_8782.jpg,walking_the_dog,Interacting_with_animal
Img_8785.jpg,walking_the_dog,domestic_work
Img_8795.jpg,texting_message,using_comm_device
Img_880.jpg,cutting_vegetables,domestic_work
Img_8802.jpg,using_a_computer,using_comm_device
Img_8807.jpg,gardening,domestic_work
Img_8810.jpg,using_a_computer,using_comm_device
Img_8812.jpg,phoning,using_comm_device
Img_882.jpg,cooking,domestic_work
Img_8822.jpg,washing_dishes,domestic_work
Img_8824.jpg,climbing,domestic_work
Img_8829.jpg,climbing,other_activity
Img_8832.jpg,cooking,domestic_work
Img_8833.jpg,cooking,domestic_work
Img_8835.jpg,using_a_computer,using_comm_device
Img_884.jpg,cutting_vegetables,using_comm_device
Img_8844.jpg,climbing,other_activity
Img_8848.jpg,riding_a_horse,Interacting_with_animal
Img_8856.jpg,playing_violin,playing_musical_instrument
Img_8865.jpg,riding_a_horse,using_comm_device
Img_8868.jpg,running,other_activity
Img_8869.jpg,cleaning_the_floor,other_activity
Img_8871.jpg,cooking,domestic_work
Img_8872.jpg,playing_guitar,using_comm_device
Img_8878.jpg,cutting_vegetables,domestic_work
Img_8879.jpg,riding_a_bike,other_activity
Img_8885.jpg,feeding_a_horse,Interacting_with_animal
Img_8886.jpg,cooking,other_activity
Img_8891.jpg,cooking,using_comm_device
Img_8897.jpg,walking_the_dog,Interacting_with_animal
Img_8902.jpg,climbing,other_activity
Img_8906.jpg,walking_the_dog,Interacting_with_animal
Img_8913.jpg,walking_the_dog,Interacting_with_animal
Img_8917.jpg,shooting_an_arrow,other_activity
Img_8919.jpg,walking_the_dog,other_activity
Img_892.jpg,cutting_vegetables,domestic_work
Img_8920.jpg,walking_the_dog,Interacting_with_animal
Img_8922.jpg,cooking,domestic_work
Img_8925.jpg,cooking,domestic_work
Img_8927.jpg,jumping,Interacting_with_animal
Img_8930.jpg,playing_guitar,playing_musical_instrument
Img_8933.jpg,feeding_a_horse,using_comm_device
Img_8942.jpg,riding_a_horse,other_activity
Img_8946.jpg,cutting_vegetables,domestic_work
Img_895.jpg,cooking,using_comm_device
Img_8953.jpg,running,other_activity
Img_8954.jpg,playing_violin,playing_musical_instrument
Img_8956.jpg,climbing,other_activity
Img_8957.jpg,riding_a_bike,other_activity
Img_8958.jpg,playing_guitar,playing_musical_instrument
Img_896.jpg,cleaning_the_floor,other_activity
Img_8968.jpg,shooting_an_arrow,playing_musical_instrument
Img_8969.jpg,jumping,other_activity
Img_8991.jpg,rowing_a_boat,other_activity
Img_900.jpg,riding_a_bike,other_activity
Img_9000.jpg,playing_guitar,playing_musical_instrument
Img_9001.jpg,walking_the_dog,Interacting_with_animal
Img_9002.jpg,riding_a_horse,domestic_work
Img_9004.jpg,walking_the_dog,Interacting_with_animal
Img_9007.jpg,riding_a_horse,Interacting_with_animal
Img_9009.jpg,cooking,domestic_work
Img_9017.jpg,cooking,domestic_work
Img_9019.jpg,playing_guitar,playing_musical_instrument
Img_9025.jpg,cooking,domestic_work
Img_9029.jpg,taking_photos,using_comm_device
Img_9035.jpg,watching_TV,using_comm_device
Img_9037.jpg,phoning,other_activity
Img_904.jpg,jumping,other_activity
Img_9040.jpg,climbing,other_activity
Img_9042.jpg,phoning,using_comm_device
Img_9047.jpg,using_a_computer,using_comm_device
Img_9051.jpg,walking_the_dog,Interacting_with_animal
Img_9057.jpg,playing_guitar,using_comm_device
Img_9060.jpg,using_a_computer,using_comm_device
Img_9085.jpg,jumping,domestic_work
Img_9091.jpg,playing_violin,using_comm_device
Img_9094.jpg,feeding_a_horse,Interacting_with_animal
Img_9096.jpg,cleaning_the_floor,domestic_work
Img_910.jpg,riding_a_bike,other_activity
Img_9103.jpg,cleaning_the_floor,other_activity
Img_9104.jpg,watching_TV,using_comm_device
Img_9107.jpg,climbing,other_activity
Img_9110.jpg,feeding_a_horse,Interacting_with_animal
Img_9113.jpg,gardening,other_activity
Img_9120.jpg,jumping,other_activity
Img_9124.jpg,running,Interacting_with_animal
Img_9127.jpg,feeding_a_horse,Interacting_with_animal
Img_9133.jpg,playing_guitar,playing_musical_instrument
Img_9141.jpg,gardening,domestic_work
Img_9147.jpg,feeding_a_horse,Interacting_with_animal
Img_9149.jpg,phoning,using_comm_device
Img_915.jpg,walking_the_dog,Interacting_with_animal
Img_9154.jpg,walking_the_dog,other_activity
Img_9157.jpg,cooking,using_comm_device
Img_9158.jpg,playing_violin,other_activity
Img_917.jpg,rowing_a_boat,other_activity
Img_9175.jpg,walking_the_dog,Interacting_with_animal
Img_9179.jpg,feeding_a_horse,Interacting_with_animal
Img_9181.jpg,shooting_an_arrow,other_activity
Img_9184.jpg,playing_guitar,playing_musical_instrument
Img_9185.jpg,playing_violin,playing_musical_instrument
Img_9189.jpg,feeding_a_horse,Interacting_with_animal
Img_919.jpg,feeding_a_horse,using_comm_device
Img_9198.jpg,playing_guitar,domestic_work
Img_920.jpg,playing_violin,using_comm_device
Img_9202.jpg,cooking,domestic_work
Img_9208.jpg,rowing_a_boat,other_activity
Img_9212.jpg,cutting_vegetables,domestic_work
Img_9224.jpg,cooking,domestic_work
Img_9229.jpg,climbing,other_activity
Img_9232.jpg,using_a_computer,using_comm_device
Img_9237.jpg,feeding_a_horse,Interacting_with_animal
Img_9247.jpg,playing_violin,using_comm_device
Img_9251.jpg,running,other_activity
Img_9254.jpg,riding_a_bike,other_activity
Img_9256.jpg,climbing,other_activity
Img_926.jpg,gardening,domestic_work
Img_9262.jpg,riding_a_bike,other_activity
Img_9266.jpg,playing_guitar,domestic_work
Img_9269.jpg,feeding_a_horse,Interacting_with_animal
Img_9271.jpg,texting_message,using_comm_device
Img_9273.jpg,cutting_vegetables,using_comm_device
Img_9289.jpg,playing_violin,Interacting_with_animal
Img_9293.jpg,watching_TV,using_comm_device
Img_9294.jpg,riding_a_horse,Interacting_with_animal
Img_9295.jpg,shooting_an_arrow,other_activity
Img_9299.jpg,walking_the_dog,Interacting_with_animal
Img_9301.jpg,riding_a_horse,Interacting_with_animal
Img_9309.jpg,cooking,playing_musical_instrument
Img_931.jpg,climbing,other_activity
Img_9312.jpg,walking_the_dog,Interacting_with_animal
Img_9317.jpg,using_a_computer,domestic_work
Img_9319.jpg,walking_the_dog,Interacting_with_animal
Img_9324.jpg,taking_photos,other_activity
Img_9333.jpg,shooting_an_arrow,using_comm_device
Img_9337.jpg,playing_guitar,playing_musical_instrument
Img_9338.jpg,playing_violin,domestic_work
Img_9339.jpg,texting_message,using_comm_device
Img_9347.jpg,playing_guitar,other_activity
Img_9349.jpg,playing_violin,using_comm_device
Img_9354.jpg,taking_photos,using_comm_device
Img_9355.jpg,phoning,other_activity
Img_9356.jpg,running,other_activity
Img_9360.jpg,washing_dishes,domestic_work
Img_9361.jpg,walking_the_dog,Interacting_with_animal
Img_9364.jpg,riding_a_bike,other_activity
Img_9371.jpg,shooting_an_arrow,other_activity
Img_9375.jpg,taking_photos,using_comm_device
Img_9376.jpg,washing_dishes,domestic_work
Img_9383.jpg,using_a_computer,using_comm_device
Img_9387.jpg,riding_a_bike,other_activity
Img_939.jpg,feeding_a_horse,Interacting_with_animal
Img_9391.jpg,cleaning_the_floor,domestic_work
Img_94.jpg,taking_photos,Interacting_with_animal
Img_9400.jpg,shooting_an_arrow,other_activity
Img_9401.jpg,jumping,other_activity
Img_9408.jpg,playing_violin,playing_musical_instrument
Img_9410.jpg,feeding_a_horse,Interacting_with_animal
Img_9412.jpg,texting_message,using_comm_device
Img_9418.jpg,jumping,other_activity
Img_9423.jpg,feeding_a_horse,domestic_work
Img_9424.jpg,riding_a_bike,domestic_work
Img_9426.jpg,cutting_vegetables,domestic_work
Img_9428.jpg,riding_a_horse,other_activity
Img_943.jpg,jumping,other_activity
Img_9430.jpg,playing_guitar,playing_musical_instrument
Img_9435.jpg,rowing_a_boat,other_activity
Img_9436.jpg,taking_photos,Interacting_with_animal
Img_944.jpg,climbing,other_activity
Img_9453.jpg,feeding_a_horse,Interacting_with_animal
Img_9466.jpg,phoning,using_comm_device
Img_9470.jpg,walking_the_dog,Interacting_with_animal
Img_9477.jpg,shooting_an_arrow,other_activity
Img_9484.jpg,playing_guitar,playing_musical_instrument
Img_9488.jpg,gardening,domestic_work
Img_9502.jpg,playing_guitar,playing_musical_instrument
Img_9512.jpg,phoning,playing_musical_instrument
Img_9520.jpg,shooting_an_arrow,other_activity
Img_9524.jpg,cleaning_the_floor,domestic_work
Img_9529.jpg,using_a_computer,using_comm_device
Img_953.jpg,washing_dishes,domestic_work
Img_954.jpg,cleaning_the_floor,other_activity
Img_958.jpg,playing_violin,playing_musical_instrument
Img_96.jpg,texting_message,Interacting_with_animal
Img_961.jpg,feeding_a_horse,domestic_work
Img_964.jpg,running,other_activity
Img_966.jpg,phoning,using_comm_device
Img_98.jpg,phoning,using_comm_device
Img_985.jpg,riding_a_horse,Interacting_with_animal
Img_986.jpg,running,other_activity
Img_993.jpg,watching_TV,Interacting_with_animal
Img_994.jpg,using_a_computer,using_comm_device
Img_996.jpg,riding_a_bike,other_activity
